"FIPS","County","State","Poverty_Sub125","SNAP_Recipients","SNAP_ParticipationRatio","Population"
"10001","Kent County","Delaware",23802.324,"30680",1.28894976809827,"162912"
"10003","New Castle County","Delaware",69634.485,"66954",0.961506357087297,"538986"
"10005","Sussex County","Delaware",28704.942,"32392",1.1284468019479,"197871"
"11001","District of Columbia","District of Columbia",120741.489,"131366",1.0879938709386,"604453"
"12001","Alachua County","Florida",64090.6,"34224",0.533994064652227,"247497"
"12005","Bay County","Florida",27119.736,"30200",1.11358016169479,"169272"
"12009","Brevard County","Florida",77716.384,"66860",0.860307654046282,"543573"
"12011","Broward County","Florida",288556.8,"222403",0.770742536651363,"1753,578"
"12015","Charlotte County","Florida",22113.453,"19165",0.866667001304591,"159990"
"12017","Citrus County","Florida",26393.526,"21597",0.818268843655069,"141129"
"12019","Clay County","Florida",22115.4,"21349",0.965345415411885,"191395"
"12021","Collier County","Florida",50278.72,"36248",0.720941185455795,"322472"
"12023","Columbia County","Florida",14583.723,"14337",0.983082303469423,"67597"
"12027","DeSoto County","Florida",10768.887,"6987",0.648813568198831,"34984"
"12031","Duval County","Florida",155746.542,"162384",1.04261704892299,"865876"
"12033","Escambia County","Florida",60660.16,"58319",0.961405311163043,"298043"
"12035","Flagler County","Florida",15022.755,"12588",0.837928861916473,"95928"
"12039","Gadsden County","Florida",15077.149,"12524",0.830661022186622,"46449"
"12049","Hardee County","Florida",9127.405,"6506",0.7127984350426,"27801"
"12051","Hendry County","Florida",13063.645,"9737",0.74535093383202,"39180"
"12053","Hernando County","Florida",27976.675,"29213",1.04419127719788,"173008"
"12055","Highlands County","Florida",21535.345,"16533",0.767714656997601,"98700"
"12057","Hillsborough County","Florida",222033.264,"230784",1.03941182434718,"1233,846"
"12061","Indian River County","Florida",24334.545,"17480",0.718320395963845,"138268"
"12063","Jackson County","Florida",10202.472,"8343",0.817742994050854,"49701"
"12069","Lake County","Florida",44140.806,"42868",0.971164867265904,"297950"
"12071","Lee County","Florida",97498.939,"89335",0.916266381114158,"620151"
"12073","Leon County","Florida",67498.012,"34177",0.506340838601291,"276058"
"12075","Levy County","Florida",10769.296,"8163",0.757988265899647,"40735"
"12081","Manatee County","Florida",54142.16,"45478",0.83997387618078,"323435"
"12083","Marion County","Florida",65783.422,"63077",0.958858601183745,"331290"
"12085","Martin County","Florida",20522.72,"13051",0.635929350495451,"146393"
"12086","Miami-Dade County","Florida",558664.236,"564407",1.01027945522541,"2505,379"
"12087","Monroe County","Florida",10266.174,"7652",0.745360442945931,"73269"
"12089","Nassau County","Florida",9444.856,"8965",0.949193931596204,"73473"
"12091","Okaloosa County","Florida",25402.32,"18994",0.747726979268035,"180728"
"12093","Okeechobee County","Florida",10356.324,"8401",0.811195169251174,"40041"
"12095","Orange County","Florida",204073.434,"181573",0.889743444019274,"1149,500"
"12097","Osceola County","Florida",50307.496,"59185",1.1764648353796,"269837"
"12099","Palm Beach County","Florida",211419.945,"143443",0.678474303831647,"1323,394"
"12101","Pasco County","Florida",77969.889,"70975",0.910287303346039,"465543"
"12103","Pinellas County","Florida",147048.82,"129578",0.88119034209183,"916719"
"12105","Polk County","Florida",118003.535,"114302",0.96863199903291,"602788"
"12107","Putnam County","Florida",22430.408,"21464",0.956915273230875,"74262"
"12109","St. Johns County","Florida",20874.087,"14485",0.693922565331839,"191323"
"12111","St. Lucie County","Florida",49682.534,"46085",0.927589562963918,"278689"
"12113","Santa Rosa County","Florida",21870.064,"16397",0.74974631990103,"151966"
"12115","Sarasota County","Florida",55304.479,"41456",0.749595706344146,"379874"
"12117","Seminole County","Florida",54287.186,"40713",0.749955984088031,"423508"
"12119","Sumter County","Florida",11731.275,"9393",0.800680232967005,"94074"
"12121","Suwannee County","Florida",10249.417,"8811",0.859658651804293,"41495"
"12127","Volusia County","Florida",89295.252,"82085",0.919253803102543,"494527"
"12131","Walton County","Florida",10425.042,"5846",0.560765126893493,"55233"
"13009","Baldwin County","Georgia",12184.848,"9502",0.779820971094592,"45735"
"13013","Barrow County","Georgia",12666.24,"11455",0.904372568339144,"69731"
"13015","Bartow County","Georgia",17601.123,"19723",1.1205535010465,"100195"
"13021","Bibb County","Georgia",42068.565,"44136",1.04914441460031,"155715"
"13031","Bulloch County","Georgia",20963.63,"10834",0.516799809956577,"70729"
"13033","Burke County","Georgia",7283.52,"7472",1.02587759764509,"23367"
"13039","Camden County","Georgia",9246.912,"7516",0.812811887903767,"50697"
"13045","Carroll County","Georgia",23840.55,"22895",0.960338582792763,"110661"
"13047","Catoosa County","Georgia",10665.783,"10761",1.00892733332377,"63975"
"13051","Chatham County","Georgia",53360.635,"43463",0.814514295041654,"265871"
"13057","Cherokee County","Georgia",21306.168,"15049",0.706321286868666,"215129"
"13059","Clarke County","Georgia",39877.58,"19803",0.49659482847254,"116668"
"13063","Clayton County","Georgia",58279.24,"70076",1.20241787641706,"259623"
"13067","Cobb County","Georgia",91867.268,"67595",0.735789813625458,"690063"
"13069","Coffee County","Georgia",10581.48,"11493",1.08614295920797,"42332"
"13071","Colquitt County","Georgia",13769.528,"12452",0.904315674437061,"45628"
"13073","Columbia County","Georgia",12644.1,"8993",0.711240815874598,"124815"
"13077","Coweta County","Georgia",16357.808,"17857",1.0916499325582,"127955"
"13081","Crisp County","Georgia",7932.75,"7284",0.918218776590716,"23423"
"13087","Decatur County","Georgia",8517.619,"8249",0.968463135061571,"27813"
"13089","DeKalb County","Georgia",137961.702,"127242",0.922299436404459,"692902"
"13095","Dougherty County","Georgia",33105.237,"32582",0.984194736319211,"94577"
"13097","Douglas County","Georgia",20894.445,"22908",1.09636795808647,"132722"
"13107","Emanuel County","Georgia",7266.14,"6092",0.838409389304362,"22664"
"13115","Floyd County","Georgia",22233.771,"18372",0.826310570528049,"96274"
"13117","Forsyth County","Georgia",13230.378,"8440",0.637925840062922,"176738"
"13121","Fulton County","Georgia",169180.448,"180660",1.06785389290375,"926197"
"13123","Gilmer County","Georgia",7460.1,"4531",0.607364512540046,"28335"
"13127","Glynn County","Georgia",14762.184,"14817",1.00371327169476,"79816"
"13129","Gordon County","Georgia",12803.607,"10188",0.795713270486981,"55214"
"13131","Grady County","Georgia",8094.387,"6287",0.776711071511654,"25060"
"13135","Gwinnett County","Georgia",118012.725,"95475",0.809022925281998,"808719"
"13137","Habersham County","Georgia",8844.966,"5971",0.675073256358475,"43080"
"13139","Hall County","Georgia",35088.392,"27489",0.783421480243381,"180253"
"13143","Haralson County","Georgia",7156.679,"6277",0.877082792172179,"28774"
"13151","Henry County","Georgia",21895.068,"26809",1.2244309997119,"205265"
"13153","Houston County","Georgia",22530.95,"23050",1.02303719994053,"140713"
"13157","Jackson County","Georgia",11449.664,"10076",0.880025824338601,"60706"
"13175","Laurens County","Georgia",12835.368,"12902",1.00519128084212,"48439"
"13179","Liberty County","Georgia",15694.277,"8987",0.572629118244823,"62819"
"13185","Lowndes County","Georgia",28070.28,"22982",0.818730700228142,"109734"
"13213","Murray County","Georgia",10226.604,"9832",0.961413974766208,"39559"
"13215","Muscogee County","Georgia",40130.755,"43048",1.07269349903833,"190417"
"13217","Newton County","Georgia",16704.512,"21795",1.30473730690247,"100086"
"13223","Paulding County","Georgia",16899.12,"15693",0.92862823626319,"142741"
"13225","Peach County","Georgia",7186.79,"6968",0.969556644899879,"27741"
"13233","Polk County","Georgia",10755.976,"9700",0.901824251002419,"41523"
"13245","Richmond County","Georgia",54404.487,"54856",1.00829918679318,"201005"
"13247","Rockdale County","Georgia",14397.425,"17728",1.23133129708958,"85434"
"13255","Spalding County","Georgia",17306.96,"18351",1.06032486352311,"64081"
"13261","Sumter County","Georgia",11221.164,"11023",0.982340156511392,"32816"
"13275","Thomas County","Georgia",12432.42,"10418",0.837970403187794,"44769"
"13277","Tift County","Georgia",11046.622,"10412",0.942550582431444,"40339"
"13279","Toombs County","Georgia",8667.425,"8056",0.929457134039233,"27297"
"13285","Troup County","Georgia",16049.498,"14423",0.898657391028679,"67187"
"13293","Upson County","Georgia",7129.598,"7244",1.01604606599138,"27087"
"13295","Walker County","Georgia",13619.995,"12733",0.93487552675313,"68761"
"13297","Walton County","Georgia",13789.782,"14384",1.04309118157198,"84004"
"13299","Ware County","Georgia",8683.752,"9178",1.05691641124712,"36340"
"13303","Washington County","Georgia",7076.586,"5234",0.739622185047988,"21156"
"13305","Wayne County","Georgia",7478.282,"7397",0.98913092606029,"30115"
"13313","Whitfield County","Georgia",24885.333,"17232",0.692456074427455,"102934"
"15001","Hawaii County","Hawaii",31698.54,"37047",1.16872890675722,"185406"
"15003","Honolulu County","Hawaii",106386.228,"88241",0.829440066246169,"955775"
"15007","Kauai County","Hawaii",7682.759,"8275",1.07708702043107,"67226"
"15009","Maui County","Hawaii",18314.208,"16127",0.880573159374405,"155124"
"16001","Ada County","Idaho",53440.272,"44401",0.830852807036611,"393531"
"16005","Bannock County","Idaho",16137.012,"15363",0.952034986402687,"83071"
"16011","Bingham County","Idaho",8869.125,"6629",0.747424351331163,"45769"
"16017","Bonner County","Idaho",7862.595,"5404",0.687304891069679,"40915"
"16019","Bonneville County","Idaho",15590.885,"16707",1.07158766163691,"104592"
"16027","Canyon County","Idaho",41616.624,"42399",1.01879960277412,"189428"
"16055","Kootenai County","Idaho",22575.696,"18917",0.83793651367382,"138901"
"16057","Latah County","Idaho",8557.086,"3190",0.372790456938262,"37334"
"16065","Madison County","Idaho",13370.708,"3960",0.296169806415636,"37623"
"16083","Twin Falls County","Idaho",15093.945,"12785",0.847028394498589,"77517"
"17001","Adams County","Illinois",11698.935,"9514",0.813236418528695,"67120"
"17007","Boone County","Illinois",8280.168,"5368",0.648296024911572,"54160"
"17019","Champaign County","Illinois",44832.696,"22545",0.502869602131444,"201332"
"17029","Coles County","Illinois",11515.644,"7303",0.634180771826569,"53924"
"17031","Cook County","Illinois",1014258.026,"901857",0.889179061817944,"5200,950"
"17037","DeKalb County","Illinois",17030.15,"9205",0.540511974351371,"105201"
"17043","DuPage County","Illinois",70880.854,"52206",0.736531757927183,"918764"
"17055","Franklin County","Illinois",10099.18,"8631",0.854623840747467,"39578"
"17077","Jackson County","Illinois",17952.99,"10451",0.582131444400069,"60361"
"17081","Jefferson County","Illinois",8031.168,"8336",1.03795612294501,"38806"
"17089","Kane County","Illinois",63552.768,"59104",0.929998831836876,"516499"
"17091","Kankakee County","Illinois",21694.2,"19226",0.886227655318011,"113502"
"17095","Knox County","Illinois",9703.878,"8235",0.848629795222075,"52919"
"17097","Lake County","Illinois",67868,"54109",0.797268226557435,"704596"
"17099","LaSalle County","Illinois",16475.76,"15366",0.932642864426285,"113840"
"17109","McDonough County","Illinois",7939.925,"3416",0.430230764144498,"32609"
"17111","McHenry County","Illinois",24962.44,"15872",0.635835278923054,"309192"
"17113","McLean County","Illinois",25118.72,"16229",0.646091839074603,"169832"
"17115","Macon County","Illinois",20693.653,"20670",0.998856992528095,"110715"
"17117","Macoupin County","Illinois",7584.225,"6309",0.831858232054033,"47808"
"17119","Madison County","Illinois",42949.665,"37031",0.862195316308055,"269271"
"17121","Marion County","Illinois",8419.615,"8620",1.023799781819,"39417"
"17143","Peoria County","Illinois",32799.104,"32508",0.991124635599802,"186311"
"17161","Rock Island County","Illinois",24332.78,"20154",0.828265409870964,"147517"
"17163","St. Clair County","Illinois",52922.182,"48767",0.921485058949384,"270419"
"17167","Sangamon County","Illinois",32482.476,"29894",0.920311616639077,"197822"
"17177","Stephenson County","Illinois",8711.28,"7572",0.869217841694906,"47649"
"17179","Tazewell County","Illinois",13455.199,"13648",1.01432910802731,"135433"
"17183","Vermilion County","Illinois",19185.725,"18081",0.942419429028614,"81551"
"17195","Whiteside County","Illinois",8756.72,"6823",0.779173023689235,"58448"
"17197","Will County","Illinois",60005.309,"54730",0.912085962260439,"678697"
"17199","Williamson County","Illinois",13387.92,"11936",0.891549994323241,"66369"
"17201","Winnebago County","Illinois",58556.365,"55199",0.94266438840594,"295127"
"18001","Adams County","Indiana",7309.645,"3117",0.426422897418411,"34396"
"18003","Allen County","Indiana",59254.516,"49942",0.842838712917679,"355856"
"18005","Bartholomew County","Indiana",10499.001,"8341",0.794456539245972,"76855"
"18017","Cass County","Indiana",7484.227,"5288",0.706552593875092,"38965"
"18019","Clark County","Indiana",17074.05,"12171",0.712836146081334,"110610"
"18035","Delaware County","Indiana",26905.758,"18244",0.67807047101219,"117669"
"18039","Elkhart County","Indiana",36532.566,"30390",0.831860537800712,"197646"
"18043","Floyd County","Indiana",10213.476,"9149",0.895777304416244,"74679"
"18053","Grant County","Indiana",14620.698,"11949",0.817266042975513,"69975"
"18057","Hamilton County","Indiana",15856.645,"8427",0.531449118019606,"276390"
"18063","Hendricks County","Indiana",11216.124,"6675",0.595125374862118,"145867"
"18065","Henry County","Indiana",8667.928,"8004",0.923404070730629,"49476"
"18067","Howard County","Indiana",16600.922,"13175",0.793630618829484,"82770"
"18081","Johnson County","Indiana",14078.097,"12076",0.857786389737192,"140009"
"18083","Knox County","Indiana",7734.96,"5538",0.715970089050234,"38405"
"18085","Kosciusko County","Indiana",11456.672,"7096",0.619377075646401,"77368"
"18087","LaGrange County","Indiana",7587.378,"2088",0.275193881206393,"37134"
"18089","Lake County","Indiana",100663.96,"92204",0.915958402590162,"495981"
"18091","LaPorte County","Indiana",18477.633,"18766",1.01560627381224,"111465"
"18093","Lawrence County","Indiana",9987.495,"5969",0.597647358021206,"46124"
"18095","Madison County","Indiana",23737.833,"19721",0.830783500751733,"131642"
"18097","Marion County","Indiana",196035.975,"177027",0.90303323152804,"904878"
"18099","Marshall County","Indiana",7855.458,"5126",0.65253992828935,"47020"
"18103","Miami County","Indiana",7468.767,"5347",0.715914688461964,"36800"
"18105","Monroe County","Indiana",36798.862,"10168",0.276312892501947,"138422"
"18109","Morgan County","Indiana",9466.456,"9272",0.979458416116866,"69061"
"18113","Noble County","Indiana",7025.275,"4968",0.707160929643324,"47541"
"18127","Porter County","Indiana",20597.33,"13846",0.672223050269137,"164592"
"18141","St. Joseph County","Indiana",46837.005,"40899",0.873219797038688,"266961"
"18157","Tippecanoe County","Indiana",37758.048,"16851",0.446288960700511,"172963"
"18163","Vanderburgh County","Indiana",34809.425,"25951",0.74551648009124,"179833"
"18167","Vigo County","Indiana",24303.752,"17219",0.70849142963605,"107958"
"18177","Wayne County","Indiana",13587.732,"11253",0.828173531830036,"68853"
"19013","Black Hawk County","Iowa",25971.99,"17957",0.69139869528673,"131221"
"19045","Clinton County","Iowa",7058.31,"8302",1.17620223537929,"49093"
"19057","Des Moines County","Iowa",7260.525,"7907",1.08903970442909,"40318"
"19061","Dubuque County","Iowa",11641.212,"10070",0.865030204758748,"93880"
"19103","Johnson County","Iowa",25941.207,"9800",0.377777333182685,"131225"
"19113","Linn County","Iowa",26103.021,"24061",0.921770702325987,"211501"
"19127","Marshall County","Iowa",7206.942,"6409",0.889281473335015,"40746"
"19139","Muscatine County","Iowa",7555.86,"6748",0.893081661121302,"42738"
"19153","Polk County","Iowa",57964.395,"58830",1.01493339143797,"432260"
"19155","Pottawattamie County","Iowa",15550.38,"14692",0.94480006276374,"93359"
"19163","Scott County","Iowa",26389.02,"28334",1.07370413906996,"165841"
"19169","Story County","Iowa",18230.652,"6225",0.341457891906444,"89575"
"19179","Wapello County","Iowa",7780.916,"7328",0.941791429183916,"35667"
"19193","Woodbury County","Iowa",18260.176,"16922",0.926716149942914,"102407"
"20015","Butler County","Kansas",7119.339,"5486",0.770577156109577,"65923"
"20037","Crawford County","Kansas",9427.058,"6228",0.660651499120935,"39185"
"20045","Douglas County","Kansas",23857.554,"8037",0.336874433984305,"111130"
"20055","Finney County","Kansas",7160.9,"4816",0.672541161027245,"37013"
"20057","Ford County","Kansas",7300.252,"3772",0.516694492190133,"34094"
"20091","Johnson County","Kansas",41024.49,"21249",0.517958906984584,"545876"
"20103","Leavenworth County","Kansas",7204.396,"5660",0.785631439471123,"76504"
"20111","Lyon County","Kansas",10193.42,"4743",0.465300164223587,"33654"
"20125","Montgomery County","Kansas",7053.032,"5513",0.78164965081684,"35390"
"20155","Reno County","Kansas",11201.604,"7898",0.705077594244539,"64597"
"20161","Riley County","Kansas",17896.44,"3049",0.170369078990011,"71481"
"20169","Saline County","Kansas",9132.06,"6632",0.726232635352812,"55733"
"20173","Sedgwick County","Kansas",86906.245,"74011",0.851618891139526,"499393"
"20177","Shawnee County","Kansas",33886.955,"24787",0.731461413396394,"178301"
"20209","Wyandotte County","Kansas",42629.354,"31582",0.740851010784728,"157845"
"21009","Barren County","Kentucky",10449.9,"8045",0.7698638264481,"42164"
"21013","Bell County","Kentucky",9834.279,"10663",1.08426860779524,"28706"
"21015","Boone County","Kentucky",11813.568,"10544",0.892533060291353,"119290"
"21019","Boyd County","Kentucky",10711.475,"9964",0.9302173603542,"49580"
"21029","Bullitt County","Kentucky",10096.24,"8873",0.878842024357583,"74473"
"21035","Calloway County","Kentucky",7435.103,"4103",0.551841716247912,"37281"
"21037","Campbell County","Kentucky",12683.029,"10751",0.847668171380827,"90532"
"21043","Carter County","Kentucky",7505.712,"7555",1.00656673211016,"27675"
"21047","Christian County","Kentucky",18097.56,"13996",0.773363923092395,"74179"
"21049","Clark County","Kentucky",7169.67,"7374",1.02849921962936,"35634"
"21051","Clay County","Kentucky",9365.097,"9490",1.01333707488561,"21698"
"21059","Daviess County","Kentucky",17262.724,"15620",0.904839815547071,"96762"
"21067","Fayette County","Kentucky",58879.803,"34599",0.587620851924386,"296765"
"21071","Floyd County","Kentucky",13760.208,"13749",0.999185477428829,"39446"
"21073","Franklin County","Kentucky",9193.272,"7881",0.857257350810462,"49288"
"21083","Graves County","Kentucky",9232.128,"6391",0.692256433186368,"37205"
"21089","Greenup County","Kentucky",7206.606,"6470",0.897787391179704,"36885"
"21093","Hardin County","Kentucky",16663.014,"13658",0.819659636605958,"106933"
"21095","Harlan County","Kentucky",11483.279,"10010",0.871702237662257,"29232"
"21101","Henderson County","Kentucky",9331.712,"8355",0.89533410375288,"46302"
"21107","Hopkins County","Kentucky",10707.312,"9118",0.851567601653898,"46899"
"21111","Jefferson County","Kentucky",140976.746,"127480",0.904262607962309,"742172"
"21113","Jessamine County","Kentucky",8957.787,"7377",0.823529293563243,"48716"
"21117","Kenton County","Kentucky",23741.184,"22604",0.952100788233645,"159876"
"21121","Knox County","Kentucky",13640.413,"12794",0.937948139840047,"31893"
"21125","Laurel County","Kentucky",15491.444,"14789",0.954656002371373,"58944"
"21133","Letcher County","Kentucky",7867.6,"7559",0.960775840154558,"24551"
"21137","Lincoln County","Kentucky",7013.292,"5961",0.849957480738004,"24741"
"21145","McCracken County","Kentucky",12849.729,"10672",0.830523351893258,"65539"
"21147","McCreary County","Kentucky",7437.099,"6854",0.921595907221351,"18314"
"21151","Madison County","Kentucky",17525.898,"13683",0.780730322634538,"83157"
"21177","Muhlenberg County","Kentucky",7393.776,"6137",0.830022440495898,"31493"
"21179","Nelson County","Kentucky",8319.168,"6924",0.832294767938332,"43609"
"21193","Perry County","Kentucky",10036.143,"10273",1.02360040107041,"28725"
"21195","Pike County","Kentucky",18130.961,"16734",0.922951629535798,"64952"
"21199","Pulaski County","Kentucky",17210.742,"13428",0.780210405803538,"63135"
"21209","Scott County","Kentucky",7230.158,"6584",0.91063016880129,"47443"
"21227","Warren County","Kentucky",25576.128,"17527",0.68528746806397,"114172"
"21231","Wayne County","Kentucky",7752.251,"5502",0.709729341838906,"20816"
"21235","Whitley County","Kentucky",12260.784,"12110",0.987701928359557,"35586"
"22001","Acadia Parish","Louisiana",15810.128,"13613",0.861030347129384,"61844"
"22005","Ascension Parish","Louisiana",15376.776,"13046",0.848422322078438,"107891"
"22009","Avoyelles Parish","Louisiana",12347.533,"11853",0.95994884160261,"42103"
"22015","Bossier Parish","Louisiana",19474.525,"14649",0.752213468621186,"117522"
"22017","Caddo Parish","Louisiana",66550.283,"55954",0.840777792034333,"255543"
"22019","Calcasieu Parish","Louisiana",39747.076,"34041",0.856440358027846,"193230"
"22029","Concordia Parish","Louisiana",7820.9,"5801",0.741730491375673,"20806"
"22031","De Soto Parish","Louisiana",7271.856,"5523",0.759503488517925,"26734"
"22033","East Baton Rouge Parish","Louisiana",98868.191,"78384",0.792813130362626,"440909"
"22039","Evangeline Parish","Louisiana",9251.67,"9233",0.997981985954968,"33990"
"22045","Iberia Parish","Louisiana",18891.055,"18478",0.978134889766612,"73236"
"22051","Jefferson Parish","Louisiana",79390.752,"58658",0.7388517997663,"432449"
"22055","Lafayette Parish","Louisiana",44011.011,"30191",0.685987422556596,"222051"
"22057","Lafourche Parish","Louisiana",19690.942,"15711",0.797879552943683,"96328"
"22061","Lincoln Parish","Louisiana",13054.917,"8626",0.660747211184874,"46801"
"22063","Livingston Parish","Louisiana",19397.682,"18680",0.963001661744945,"128549"
"22067","Morehouse Parish","Louisiana",9009.176,"9646",1.07068615376145,"27925"
"22069","Natchitoches Parish","Louisiana",13968.185,"10801",0.773257227048468,"39605"
"22071","Orleans Parish","Louisiana",87076.585,"89665",1.029725729368,"347858"
"22073","Ouachita Parish","Louisiana",38300.86,"36294",0.947602743123784,"153910"
"22079","Rapides Parish","Louisiana",31137.561,"27655",0.88815562657589,"131779"
"22089","St. Charles Parish","Louisiana",8316.616,"7545",0.907219955808949,"52771"
"22095","St. John the Baptist Parish","Louisiana",9578.888,"10250",1.07006157708494,"45813"
"22097","St. Landry Parish","Louisiana",27858.768,"24380",0.875128433533026,"83454"
"22099","St. Martin Parish","Louisiana",11202.75,"10617",0.947713731003548,"52214"
"22101","St. Mary Parish","Louisiana",14380.887,"13173",0.916007475755842,"54579"
"22103","St. Tammany Parish","Louisiana",28721.177,"22675",0.789487143928677,"234568"
"22105","Tangipahoa Parish","Louisiana",32763.476,"30365",0.926794214386776,"121425"
"22109","Terrebonne Parish","Louisiana",24553.088,"20773",0.846044293899,"111861"
"22113","Vermilion Parish","Louisiana",12778.057,"10002",0.782748112643417,"58070"
"22115","Vernon Parish","Louisiana",10007.088,"6874",0.686913115983391,"52769"
"22117","Washington Parish","Louisiana",15542.13,"13217",0.850398240138256,"47093"
"22119","Webster Parish","Louisiana",11265.9,"9551",0.847779582634321,"41215"
"23001","Androscoggin County","Maine",19845.312,"25883",1.30423749447728,"107623"
"23003","Aroostook County","Maine",15574.02,"16423",1.05451257928268,"71720"
"23005","Cumberland County","Maine",36669.24,"38444",1.04839914871429,"281457"
"23009","Hancock County","Maine",8206.536,"7762",0.945831468965712,"54364"
"23011","Kennebec County","Maine",19916.232,"24383",1.22427776499089,"122143"
"23017","Oxford County","Maine",10909.44,"14252",1.30639152880441,"57752"
"23019","Penobscot County","Maine",29368.982,"29924",1.01889810140508,"153849"
"23025","Somerset County","Maine",12630.73,"14126",1.11838349802426,"52231"
"23027","Waldo County","Maine",7557.858,"8313",1.0999148171347,"38801"
"23029","Washington County","Maine",8514.888,"8979",1.05450594300242,"32811"
"23031","York County","Maine",23398.56,"28378",1.21280967717672,"197216"
"24001","Allegany County","Maryland",13088.4,"13362",1.02090400660127,"75021"
"24003","Anne Arundel County","Maryland",37146.415,"32653",0.87903502935613,"539198"
"24005","Baltimore County","Maryland",82777.626,"79559",0.961117198504823,"805709"
"24013","Carroll County","Maryland",12251.25,"9560",0.780328537904295,"167241"
"24015","Cecil County","Maryland",11650.376,"13640",1.17077766417153,"101199"
"24017","Charles County","Maryland",9412.788,"13547",1.43921227164577,"147086"
"24021","Frederick County","Maryland",15676.64,"15424",0.983884301738127,"234122"
"24025","Harford County","Maryland",17493.136,"19399",1.10894924729334,"245177"
"24027","Howard County","Maryland",15209.15,"13513",0.888478317328713,"288376"
"24031","Montgomery County","Maryland",76069.449,"51416",0.675908668669337,"976203"
"24033","Prince George's County","Maryland",87309.285,"92976",1.06490392173066,"865271"
"24037","St. Mary's County","Maryland",10205.858,"11906",1.16658491623144,"105786"
"24043","Washington County","Maryland",20447.3,"20114",0.983699559355025,"147558"
"24045","Wicomico County","Maryland",18302.48,"17645",0.964076999401174,"98843"
"24047","Worcester County","Maryland",7148.277,"6195",0.866642409072844,"51431"
"24510","Baltimore city","Maryland",160610.792,"193098",1.20227288338134,"620583"
"25001","Barnstable County","Massachusetts",20709.5,"18547",0.895579323498877,"215937"
"25003","Berkshire County","Massachusetts",19942.602,"18145",0.909861210688555,"131144"
"25005","Bristol County","Massachusetts",79777.2,"82204",1.03041971891718,"548612"
"25009","Essex County","Massachusetts",98936.879,"101998",1.03094014113787,"744644"
"25011","Franklin County","Massachusetts",10921.92,"10054",0.92053411854326,"71369"
"25013","Hampden County","Massachusetts",97416.788,"115151",1.18204472108031,"463678"
"25015","Hampshire County","Massachusetts",19475.82,"12640",0.649009900481726,"158094"
"25017","Middlesex County","Massachusetts",144255.371,"106443",0.737878938316966,"1506,008"
"25021","Norfolk County","Massachusetts",53467.189,"39093",0.731158692483347,"672376"
"25023","Plymouth County","Massachusetts",44840.82,"47235",1.05339286837306,"495780"
"25025","Suffolk County","Massachusetts",168252.336,"144453",0.858549743998799,"723323"
"25027","Worcester County","Massachusetts",94837.432,"103818",1.09469433967803,"799553"
"26005","Allegan County","Michigan",17765.545,"17007",0.957302463842229,"111503"
"26015","Barry County","Michigan",7575.936,"8763",1.15668875766638,"59044"
"26017","Bay County","Michigan",18619.914,"20858",1.1201985143433,"107703"
"26021","Berrien County","Michigan",32759.512,"32662",0.997023398883353,"156805"
"26023","Branch County","Michigan",9081.681,"8640",0.951365721830573,"45137"
"26025","Calhoun County","Michigan",28996.056,"33684",1.16167522921048,"136072"
"26027","Cass County","Michigan",9197.805,"10368",1.12722546303167,"52196"
"26033","Chippewa County","Michigan",7636.832,"6193",0.810938357685491,"38602"
"26035","Clare County","Michigan",8388.471,"8508",1.01424919988398,"30927"
"26037","Clinton County","Michigan",8699.786,"7162",0.823238640582653,"75426"
"26045","Eaton County","Michigan",12574.906,"14008",1.11396458947685,"107838"
"26049","Genesee County","Michigan",97628.916,"114048",1.1681784933472,"424926"
"26055","Grand Traverse County","Michigan",10841.74,"12798",1.18043782640056,"87043"
"26057","Gratiot County","Michigan",9093.028,"7756",0.852961191805414,"42461"
"26059","Hillsdale County","Michigan",9779.49,"8724",0.892071058920251,"46643"
"26061","Houghton County","Michigan",9192.07,"5561",0.604977986460068,"36686"
"26065","Ingham County","Michigan",62789.417,"58204",0.926971499034622,"280812"
"26067","Ionia County","Michigan",11557.065,"10605",0.917620520434903,"63884"
"26073","Isabella County","Michigan",21854.025,"14702",0.672736486757016,"70334"
"26075","Jackson County","Michigan",29200.653,"31329",1.07288696591819,"160201"
"26077","Kalamazoo County","Michigan",52927.953,"48867",0.923273945621891,"250738"
"26081","Kent County","Michigan",110128.414,"110040",0.999197173583195,"603219"
"26087","Lapeer County","Michigan",12326.86,"13265",1.07610535042987,"88210"
"26091","Lenawee County","Michigan",16700.202,"17234",1.03196356547065,"99763"
"26093","Livingston County","Michigan",15304.165,"14775",0.965423464788834,"180972"
"26099","Macomb County","Michigan",109268.94,"128170",1.17297742615605,"841126"
"26103","Marquette County","Michigan",10540.32,"10002",0.948927546791748,"67131"
"26107","Mecosta County","Michigan",9784.368,"9935",1.01539516911056,"42831"
"26111","Midland County","Michigan",12316.617,"11669",0.947419246697368,"83592"
"26115","Monroe County","Michigan",18586.407,"20908",1.12490811161081,"151932"
"26117","Montcalm County","Michigan",14940.596,"13564",0.907862042451319,"63270"
"26121","Muskegon County","Michigan",39143.068,"47501",1.21352266000202,"172068"
"26123","Newaygo County","Michigan",11044.803,"11165",1.01088267486527,"48393"
"26125","Oakland County","Michigan",136908.305,"130745",0.954982241581327,"1203,012"
"26139","Ottawa County","Michigan",30875.638,"29350",0.950587644537094,"264055"
"26145","Saginaw County","Michigan",45468.24,"48752",1.07222096126879,"199911"
"26147","St. Clair County","Michigan",26844.012,"31494",1.17322254214459,"162789"
"26149","St. Joseph County","Michigan",12022.713,"12967",1.07854192310837,"61262"
"26151","Sanilac County","Michigan",8841.564,"9154",1.03533718695018,"43007"
"26155","Shiawassee County","Michigan",12827.651,"13316",1.03807002544737,"70606"
"26157","Tuscola County","Michigan",11421.67,"10524",0.921406414298435,"55661"
"26159","Van Buren County","Michigan",15450.44,"17288",1.11893253525466,"76186"
"26161","Washtenaw County","Michigan",54551.13,"40690",0.745905721842976,"345290"
"26163","Wayne County","Michigan",491602.846,"535011",1.08829923250688,"1815,734"
"26165","Wexford County","Michigan",7707.154,"8192",1.06290856521097,"32730"
"27003","Anoka County","Minnesota",30072.387,"24385",0.810876768777949,"331302"
"27007","Beltrami County","Minnesota",11183.438,"9775",0.874060373920792,"44518"
"27013","Blue Earth County","Minnesota",13677.941,"4925",0.360068814450947,"64098"
"27027","Clay County","Minnesota",8271.12,"6188",0.748145353954483,"59162"
"27035","Crow Wing County","Minnesota",9648.112,"6182",0.640747122338547,"62559"
"27037","Dakota County","Minnesota",31304.64,"20959",0.669517362282396,"399100"
"27053","Hennepin County","Minnesota",172814.615,"125302",0.725065990512434,"1154,623"
"27061","Itasca County","Minnesota",7558.37,"5596",0.740371270525259,"45043"
"27099","Mower County","Minnesota",7206.416,"4321",0.599604574590198,"39188"
"27109","Olmsted County","Minnesota",15557.248,"12633",0.812033079372393,"144509"
"27111","Otter Tail County","Minnesota",10055.398,"4674",0.464824962671791,"57262"
"27123","Ramsey County","Minnesota",95325.945,"76459",0.802079643689868,"509320"
"27131","Rice County","Minnesota",7120.509,"4615",0.648127823446329,"64228"
"27137","St. Louis County","Minnesota",37810.872,"22396",0.59231641100475,"200155"
"27139","Scott County","Minnesota",7894.971,"5708",0.722991889393894,"130487"
"27141","Sherburne County","Minnesota",7852.92,"4708",0.599522215940058,"88691"
"27145","Stearns County","Minnesota",23741.298,"12750",0.537038876307437,"150785"
"27163","Washington County","Minnesota",16137.17,"9516",0.589694475549306,"238844"
"27169","Winona County","Minnesota",8900.484,"3584",0.402674730947216,"51419"
"27171","Wright County","Minnesota",9335.976,"6174",0.661312754017362,"125118"
"28001","Adams County","Mississippi",12419.33,"7322",0.589564815493267,"32251"
"28003","Alcorn County","Mississippi",9182.382,"6797",0.740221872712331,"37088"
"28011","Bolivar County","Mississippi",14980.045,"12621",0.842520833548898,"34103"
"28025","Clay County","Mississippi",7566.439,"5926",0.783195371032529,"20577"
"28027","Coahoma County","Mississippi",11551.76,"10834",0.937865745133209,"26134"
"28029","Copiah County","Mississippi",8412.81,"7488",0.890071212829007,"29430"
"28033","DeSoto County","Mississippi",22114.8,"16014",0.724130446578762,"161746"
"28035","Forrest County","Mississippi",22855.157,"14554",0.636792825356658,"75113"
"28045","Hancock County","Mississippi",8585.195,"7522",0.876159481526046,"44012"
"28047","Harrison County","Mississippi",35097.678,"34636",0.986845910433163,"187785"
"28049","Hinds County","Mississippi",68072.382,"63225",0.928790768626254,"245629"
"28051","Holmes County","Mississippi",9514.11,"8218",0.863769706257338,"19127"
"28059","Jackson County","Mississippi",25474,"19690",0.772944963492188,"139698"
"28067","Jones County","Mississippi",19572.54,"12454",0.636299632035495,"67870"
"28071","Lafayette County","Mississippi",11940.629,"4512",0.377869541043441,"47496"
"28073","Lamar County","Mississippi",9944.797,"7309",0.734957184143628,"56054"
"28075","Lauderdale County","Mississippi",21505.88,"17682",0.82219374422251,"80229"
"28079","Leake County","Mississippi",7165.683,"4250",0.593104662877216,"23791"
"28081","Lee County","Mississippi",19820.4,"16378",0.826320356804101,"83048"
"28083","Leflore County","Mississippi",15849.002,"11705",0.738532306324398,"32307"
"28085","Lincoln County","Mississippi",8972.9,"6999",0.780015379643148,"34863"
"28087","Lowndes County","Mississippi",16220.994,"13472",0.830528634681697,"59836"
"28089","Madison County","Mississippi",14854.792,"11140",0.74992635373151,"95552"
"28091","Marion County","Mississippi",8547.352,"6022",0.704545688536052,"27083"
"28093","Marshall County","Mississippi",9709.68,"7417",0.763876873388206,"37104"
"28095","Monroe County","Mississippi",10040.73,"7161",0.713195156129086,"36889"
"28099","Neshoba County","Mississippi",8204.58,"6885",0.839165441741076,"29687"
"28105","Oktibbeha County","Mississippi",16353.68,"7522",0.459957636446353,"47692"
"28107","Panola County","Mississippi",12078.036,"8735",0.723213608570135,"34700"
"28109","Pearl River County","Mississippi",14306.674,"11013",0.769780593309109,"55788"
"28113","Pike County","Mississippi",12378.88,"10594",0.855812480612139,"40416"
"28117","Prentiss County","Mississippi",7366.164,"4619",0.627056362035925,"25189"
"28121","Rankin County","Mississippi",19990.287,"14061",0.703391602131575,"142018"
"28123","Scott County","Mississippi",8834.562,"5842",0.661266512137217,"28358"
"28127","Simpson County","Mississippi",7931.217,"5703",0.719057365345066,"27511"
"28133","Sunflower County","Mississippi",11788.595,"11007",0.933699054043336,"29406"
"28145","Union County","Mississippi",7337.694,"3435",0.468130723358047,"27162"
"28149","Warren County","Mississippi",14296.986,"10970",0.767294589223211,"48840"
"28151","Washington County","Mississippi",22249.227,"21550",0.968572975591467,"51078"
"28163","Yazoo County","Mississippi",10415.772,"9290",0.891916604933364,"28012"
"29009","Barry County","Missouri",7852.945,"7029",0.89507821587952,"35588"
"29019","Boone County","Missouri",32820.71,"19767",0.602272162911771,"163232"
"29021","Buchanan County","Missouri",16761.591,"17151",1.02323222180997,"89144"
"29023","Butler County","Missouri",10808.952,"10526",0.973822439030167,"42796"
"29029","Camden County","Missouri",7481.259,"5695",0.761235508622279,"43985"
"29031","Cape Girardeau County","Missouri",12619.679,"10339",0.819275989508133,"75895"
"29037","Cass County","Missouri",9270.048,"11043",1.19125596760664,"99723"
"29043","Christian County","Missouri",9054.03,"9755",1.07742077284922,"77825"
"29047","Clay County","Missouri",22456.418,"21529",0.958701427805628,"222718"
"29051","Cole County","Missouri",9361.508,"8989",0.960208547597246,"76182"
"29069","Dunklin County","Missouri",9302.714,"10283",1.10537634501071,"31920"
"29071","Franklin County","Missouri",15043.224,"12982",0.862979903775946,"101508"
"29077","Greene County","Missouri",56189.049,"41665",0.741514596554215,"275414"
"29091","Howell County","Missouri",10878.54,"9309",0.855721447914886,"40532"
"29095","Jackson County","Missouri",134143.668,"123676",0.92196673793056,"675259"
"29097","Jasper County","Missouri",27568.164,"22511",0.816557823727398,"117770"
"29099","Jefferson County","Missouri",27450.88,"25879",0.94273844772918,"219084"
"29101","Johnson County","Missouri",9968.913,"5859",0.587727067133598,"52715"
"29105","Laclede County","Missouri",7881.44,"7580",0.961753182159605,"35642"
"29109","Lawrence County","Missouri",9084.196,"6263",0.689439109415957,"38601"
"29113","Lincoln County","Missouri",7289.424,"8071",1.1072205430772,"52702"
"29145","Newton County","Missouri",13445.958,"8671",0.644877813838181,"58117"
"29155","Pemiscot County","Missouri",7115.144,"6859",0.964000166405627,"18263"
"29159","Pettis County","Missouri",9763.712,"7562",0.774500517835839,"42287"
"29161","Phelps County","Missouri",9378.71,"6681",0.712358096156081,"45301"
"29165","Platte County","Missouri",7906.388,"5635",0.712714832613831,"89677"
"29167","Polk County","Missouri",8070.912,"6115",0.757659109652044,"31139"
"29169","Pulaski County","Missouri",7618.176,"5241",0.68795995261858,"52803"
"29183","St. Charles County","Missouri",24175.69,"20823",0.861319780324781,"361602"
"29187","St. Francois County","Missouri",12173.589,"13530",1.11142244082661,"65498"
"29189","St. Louis County","Missouri",127298.86,"116962",0.91879848727632,"998881"
"29201","Scott County","Missouri",9150.195,"9532",1.04172643315252,"39238"
"29207","Stoddard County","Missouri",7534.592,"5797",0.769384725808644,"29997"
"29209","Stone County","Missouri",7084.448,"4610",0.650721128872708,"32172"
"29213","Taney County","Missouri",10153.658,"9474",0.933062744480856,"51893"
"29225","Webster County","Missouri",7544.656,"5438",0.720775075762235,"36287"
"29510","St. Louis city","Missouri",101475.656,"111391",1.09771155359666,"319156"
"30013","Cascade County","Montana",13437.18,"9857",0.733561655049646,"81519"
"30029","Flathead County","Montana",15362.982,"12096",0.787347143933385,"90901"
"30031","Gallatin County","Montana",15186.443,"5313",0.34985150900708,"89658"
"30047","Lake County","Montana",7753.926,"5720",0.737690816239412,"28766"
"30049","Lewis and Clark County","Montana",8306.362,"6311",0.759779070548575,"63620"
"30063","Missoula County","Montana",23069.748,"14467",0.627098310740109,"109494"
"30081","Ravalli County","Montana",7909.6,"5338",0.6748760999292,"40308"
"30093","Silver Bow County","Montana",7613.312,"5131",0.673951100388372,"34234"
"30111","Yellowstone County","Montana",21394.304,"17109",0.799698835727491,"148432"
"31019","Buffalo County","Nebraska",7860.465,"3986",0.507094682057614,"46165"
"31055","Douglas County","Nebraska",85583.273,"61788",0.721963507985959,"518777"
"31079","Hall County","Nebraska",10301.54,"7132",0.692323671994673,"58814"
"31109","Lancaster County","Nebraska",46877.388,"25273",0.539129867901343,"286141"
"31153","Sarpy County","Nebraska",12494.737,"8243",0.659717767568857,"159709"
"31157","Scotts Bluff County","Nebraska",7553.986,"5521",0.730872416231642,"37072"
"32003","Clark County","Nevada",295549.428,"242342",0.81997113525119,"1954,260"
"32019","Lyon County","Nevada",8130.822,"5144",0.632654361391751,"52049"
"32023","Nye County","Nevada",10323.726,"8618",0.834776126371428,"43769"
"32031","Washoe County","Nevada",67563.992,"45969",0.680377204473057,"422528"
"32510","Carson City","Nevada",9565.965,"7562",0.790510941656174,"55226"
"33005","Cheshire County","New Hampshire",9867.48,"7564",0.766558432345442,"77049"
"33009","Grafton County","New Hampshire",10709.01,"6760",0.631244157956711,"89108"
"33011","Hillsborough County","New Hampshire",38195.598,"37636",0.985349149396745,"401057"
"33013","Merrimack County","New Hampshire",15134.58,"12382",0.818126436280359,"146400"
"33015","Rockingham County","New Hampshire",19022.835,"13429",0.705941044013682,"295360"
"33017","Strafford County","New Hampshire",16324.604,"12823",0.785501443097793,"123198"
"34001","Atlantic County","New Jersey",42282.324,"32146",0.760270414653651,"274685"
"34003","Bergen County","New Jersey",70057.042,"32745",0.467404832764706,"906541"
"34005","Burlington County","New Jersey",30892.455,"22811",0.738400363454442,"449149"
"34007","Camden County","New Jersey",73779.64,"63065",0.854775111399297,"513607"
"34009","Cape May County","New Jersey",11673.692,"9117",0.78098685488704,"97253"
"34011","Cumberland County","New Jersey",29690.56,"29180",0.982803961932682,"157149"
"34013","Essex County","New Jersey",141495.036,"120280",0.85006515705611,"784228"
"34015","Gloucester County","New Jersey",26363.428,"19086",0.723957445898159,"288581"
"34017","Hudson County","New Jersey",121813.56,"91947",0.754817443969292,"635294"
"34021","Mercer County","New Jersey",45128.07,"29638",0.656753102891393,"366789"
"34023","Middlesex County","New Jersey",74314.176,"37803",0.508691639129525,"810986"
"34025","Monmouth County","New Jersey",53450.72,"26232",0.490769815635786,"630966"
"34027","Morris County","New Jersey",26481.62,"12132",0.458129072164014,"492694"
"34029","Ocean County","New Jersey",68562.536,"43458",0.633844699093394,"577603"
"34031","Passaic County","New Jersey",98086.958,"82573",0.841834650433343,"501860"
"34033","Salem County","New Jersey",9116.1,"7846",0.86067506938274,"66058"
"34035","Somerset County","New Jersey",16452.436,"9836",0.597844598818072,"324194"
"34037","Sussex County","New Jersey",9942.666,"4731",0.475828112902515,"149239"
"34039","Union County","New Jersey",63265.818,"38268",0.60487639628717,"537661"
"34041","Warren County","New Jersey",10082.252,"6407",0.635473106603564,"108714"
"35001","Bernalillo County","New Mexico",132081.318,"117448",0.889209782113168,"664639"
"35005","Chaves County","New Mexico",18132.501,"14672",0.809154787858553,"65779"
"35006","Cibola County","New Mexico",8252.965,"7203",0.872777238241044,"27247"
"35009","Curry County","New Mexico",12517.152,"9607",0.767506857790015,"48949"
"35013","Doña Ana County","New Mexico",62487.04,"53276",0.852592793641689,"210538"
"35015","Eddy County","New Mexico",10572.67,"10533",0.996247873053827,"53890"
"35025","Lea County","New Mexico",14115.957,"11126",0.788186022385872,"64698"
"35029","Luna County","New Mexico",9700.882,"8017",0.826419700806586,"25133"
"35031","McKinley County","New Mexico",28388.676,"24369",0.858405654423616,"71797"
"35035","Otero County","New Mexico",16186.896,"9196",0.568113861978232,"64284"
"35039","Rio Arriba County","New Mexico",10203.136,"10681",1.04683501229426,"40339"
"35043","Sandoval County","New Mexico",18885.861,"18898",1.00064275597496,"132330"
"35045","San Juan County","New Mexico",33025.962,"23901",0.72370337009411,"130145"
"35047","San Miguel County","New Mexico",8688.694,"7293",0.839366652801906,"29387"
"35049","Santa Fe County","New Mexico",26275.914,"17846",0.679177135379572,"144606"
"35055","Taos County","New Mexico",7178.814,"5891",0.820609086682006,"32957"
"35061","Valencia County","New Mexico",17340.645,"17556",1.01241908821731,"76759"
"36001","Albany County","New York",45350.706,"32478",0.716152026387417,"303833"
"36003","Allegany County","New York",10257.324,"6462",0.629988874291189,"48943"
"36005","Bronx County","New York",465917.4,"430569",0.924131616462489,"1386,657"
"36007","Broome County","New York",37596.662,"29014",0.771717446618,"200272"
"36009","Cattaraugus County","New York",16680.775,"10672",0.63977842756107,"80229"
"36011","Cayuga County","New York",12049.723,"9917",0.823006470771154,"79978"
"36013","Chautauqua County","New York",28379.34,"24832",0.875002730859844,"134768"
"36015","Chemung County","New York",16771.252,"14821",0.88371458493379,"88824"
"36017","Chenango County","New York",8907.654,"8043",0.902931344212517,"50405"
"36019","Clinton County","New York",13325.258,"11441",0.858595008066635,"82115"
"36021","Columbia County","New York",7933.202,"5008",0.631270954653619,"63073"
"36023","Cortland County","New York",8836.416,"6963",0.787989157595115,"49294"
"36025","Delaware County","New York",8341.97,"5599",0.6711843845039,"47832"
"36027","Dutchess County","New York",30075.948,"21167",0.703784964650158,"297577"
"36029","Erie County","New York",158493.234,"140623",0.88724923109336,"918652"
"36033","Franklin County","New York",9546.968,"6556",0.686710168086873,"51579"
"36035","Fulton County","New York",11765.6,"9117",0.774886108655742,"55526"
"36037","Genesee County","New York",8977.272,"5420",0.603746884354178,"60082"
"36039","Greene County","New York",7692.204,"5404",0.702529470097257,"49159"
"36043","Herkimer County","New York",12060.313,"9443",0.782981337217367,"64502"
"36045","Jefferson County","New York",22591.87,"14796",0.654925864923975,"116582"
"36047","Kings County","New York",674840.976,"688876",1.02079752786085,"2508,340"
"36051","Livingston County","New York",9294.086,"6597",0.709806214403439,"65333"
"36053","Madison County","New York",9771.695,"8755",0.895955102978552,"73439"
"36055","Monroe County","New York",126532.167,"107734",0.851435666947836,"744389"
"36057","Montgomery County","New York",9657.704,"9286",0.961512177221418,"50250"
"36059","Nassau County","New York",90257.244,"53192",0.589337737810829,"1341,245"
"36061","New York County","New York",339080.5,"281957",0.831534104733242,"1586,698"
"36063","Niagara County","New York",35964.86,"29042",0.807510442137131,"216546"
"36065","Oneida County","New York",42972.735,"37066",0.862546914921752,"234845"
"36067","Onondaga County","New York",78130.698,"65852",0.842844127669255,"467204"
"36069","Ontario County","New York",12875.375,"9604",0.745920021746939,"108116"
"36071","Orange County","New York",50530.7,"39819",0.788015998195157,"373355"
"36075","Oswego County","New York",22550.172,"19176",0.850370453937114,"122114"
"36077","Otsego County","New York",11800.593,"5743",0.48667045800156,"62232"
"36079","Putnam County","New York",8073.638,"1843",0.228273796769189,"99713"
"36081","Queens County","New York",385463.343,"347459",0.901406077412658,"2233,841"
"36083","Rensselaer County","New York",23091.15,"17972",0.778306840499499,"159428"
"36085","Richmond County","New York",62301.983,"66136",1.06153924506705,"469363"
"36087","Rockland County","New York",43650.642,"35755",0.819117391217293,"312183"
"36089","St. Lawrence County","New York",21590.8,"16240",0.752172221501751,"111894"
"36091","Saratoga County","New York",18955.22,"14781",0.779785199011143,"219960"
"36093","Schenectady County","New York",22525.425,"22149",0.983288883561575,"154889"
"36101","Steuben County","New York",18717.696,"12341",0.659322600388424,"98930"
"36103","Suffolk County","New York",112088.592,"86282",0.769766115003033,"1494,434"
"36105","Sullivan County","New York",16202.376,"10791",0.666013429141504,"77500"
"36109","Tompkins County","New York",19136.877,"8483",0.44328026981623,"101620"
"36111","Ulster County","New York",25767.392,"18883",0.732825425250642,"182435"
"36113","Warren County","New York",8637.57,"7588",0.878487815438833,"65697"
"36115","Washington County","New York",9344.752,"7362",0.787821870500148,"63288"
"36117","Wayne County","New York",13180.167,"9571",0.726166823227657,"93753"
"36119","Westchester County","New York",103567.212,"68245",0.658944068128434,"950541"
"37001","Alamance County","North Carolina",29988.783,"23477",0.782859377788022,"151528"
"37003","Alexander County","North Carolina",7347.2,"5962",0.811465592334495,"37239"
"37013","Beaufort County","North Carolina",11250.844,"9227",0.82011625083416,"47820"
"37017","Bladen County","North Carolina",11123.136,"8290",0.745293413656005,"35229"
"37019","Brunswick County","North Carolina",19513.651,"14735",0.75511240823155,"107992"
"37021","Buncombe County","North Carolina",44955.306,"36393",0.809537365845091,"238832"
"37023","Burke County","North Carolina",20518.213,"15338",0.747530986251093,"90771"
"37025","Cabarrus County","North Carolina",24893.6,"24698",0.992142558729955,"178588"
"37027","Caldwell County","North Carolina",17758.4,"16547",0.93178439499054,"82998"
"37031","Carteret County","North Carolina",10988.631,"8337",0.758693234853368,"66685"
"37035","Catawba County","North Carolina",27474.902,"27623",1.00539030130117,"154389"
"37037","Chatham County","North Carolina",10001.5,"5538",0.553716942458631,"63821"
"37045","Cleveland County","North Carolina",23602.16,"23847",1.0103736268206,"98050"
"37047","Columbus County","North Carolina",15568.113,"14036",0.901586467158865,"57994"
"37049","Craven County","North Carolina",20064.412,"14881",0.741661405278161,"103908"
"37051","Cumberland County","North Carolina",64739.129,"63390",0.979160532110341,"320267"
"37057","Davidson County","North Carolina",30730.376,"29200",0.950199893421415,"162930"
"37061","Duplin County","North Carolina",17822.53,"9264",0.519791522303511,"58728"
"37063","Durham County","North Carolina",49550.196,"38406",0.775092796807504,"268454"
"37065","Edgecombe County","North Carolina",16848.936,"17362",1.03045082490669,"56539"
"37067","Forsyth County","North Carolina",66029.634,"50516",0.765050431750084,"351335"
"37069","Franklin County","North Carolina",11748.285,"10027",0.853486274805216,"60848"
"37071","Gaston County","North Carolina",44281.674,"43378",0.979592596250991,"206213"
"37077","Granville County","North Carolina",9502.14,"7719",0.812343324766842,"60063"
"37081","Guilford County","North Carolina",94735.215,"80505",0.849789595136296,"489681"
"37083","Halifax County","North Carolina",16039.552,"17163",1.0700423552977,"54562"
"37085","Harnett County","North Carolina",23643.185,"20199",0.854326521574822,"115733"
"37087","Haywood County","North Carolina",10064.075,"10042",0.997806554502028,"58935"
"37089","Henderson County","North Carolina",17832.15,"12026",0.674399890086165,"106978"
"37091","Hertford County","North Carolina",7354.425,"6375",0.866825074699926,"24643"
"37093","Hoke County","North Carolina",11239.272,"9414",0.837598734152888,"47466"
"37097","Iredell County","North Carolina",25247.64,"17025",0.674320451337234,"159771"
"37099","Jackson County","North Carolina",9233.397,"5119",0.554400509368329,"40338"
"37101","Johnston County","North Carolina",32327.141,"26359",0.815382962570058,"169735"
"37105","Lee County","North Carolina",11349.189,"9736",0.857858654041271,"57951"
"37107","Lenoir County","North Carolina",16954.396,"14322",0.844736668885167,"59439"
"37109","Lincoln County","North Carolina",14691.669,"11454",0.779625514296572,"78450"
"37111","McDowell County","North Carolina",10388.895,"8259",0.794983489581905,"45016"
"37117","Martin County","North Carolina",7076.874,"5557",0.785233706294615,"24501"
"37119","Mecklenburg County","North Carolina",143075.13,"144122",1.00731692503093,"923427"
"37123","Montgomery County","North Carolina",7524.012,"5502",0.731258801820093,"27826"
"37125","Moore County","North Carolina",14865.2,"10196",0.685897263407152,"88569"
"37127","Nash County","North Carolina",18322.524,"17370",0.948013494210732,"95938"
"37129","New Hanover County","North Carolina",38247.858,"24952",0.652376402359578,"203341"
"37133","Onslow County","North Carolina",27722.25,"16774",0.605073542010479,"179471"
"37135","Orange County","North Carolina",23875.434,"10638",0.445562581187006,"134197"
"37139","Pasquotank County","North Carolina",8553.196,"7327",0.856638851722795,"40733"
"37141","Pender County","North Carolina",9517.252,"8403",0.882922927752675,"52433"
"37145","Person County","North Carolina",7670.964,"7552",0.98449164928945,"39461"
"37147","Pitt County","North Carolina",44489.874,"29713",0.667859837049662,"168817"
"37151","Randolph County","North Carolina",31338.485,"24296",0.775276788268482,"141960"
"37153","Richmond County","North Carolina",14600.685,"12537",0.858658343769488,"46659"
"37155","Robeson County","North Carolina",49028.223,"42342",0.863625018593882,"134473"
"37157","Rockingham County","North Carolina",19804.295,"16607",0.838555474961366,"93641"
"37159","Rowan County","North Carolina",28301.31,"23775",0.840067120567917,"138446"
"37161","Rutherford County","North Carolina",17167.062,"14475",0.843184465693664,"67772"
"37163","Sampson County","North Carolina",17007.728,"13792",0.81092548046394,"63540"
"37165","Scotland County","North Carolina",12076.035,"11327",0.937973432504957,"36100"
"37167","Stanly County","North Carolina",10362.31,"9934",0.958666552149086,"60595"
"37169","Stokes County","North Carolina",8200.896,"5985",0.729798304965701,"47351"
"37171","Surry County","North Carolina",17731.385,"13741",0.774953563977095,"73694"
"37179","Union County","North Carolina",22279.698,"22234",0.997948894998487,"202206"
"37181","Vance County","North Carolina",14616.664,"14835",1.0149374713683,"45426"
"37183","Wake County","North Carolina",111067.106,"76596",0.689637128026006,"906969"
"37189","Watauga County","North Carolina",14013.302,"3630",0.259039589669872,"51041"
"37191","Wayne County","North Carolina",28536.375,"23535",0.824736849021643,"122907"
"37193","Wilkes County","North Carolina",18019.47,"14300",0.793586048868252,"69287"
"37195","Wilson County","North Carolina",20233.98,"16603",0.820550381091609,"81359"
"37197","Yadkin County","North Carolina",7393.41,"5610",0.758783835875462,"38425"
"38015","Burleigh County","North Dakota",10103.28,"5831",0.577139305255323,"81666"
"38017","Cass County","North Dakota",23094.086,"11658",0.504804563384756,"150230"
"38035","Grand Forks County","North Dakota",13276.964,"5981",0.450479492148958,"66991"
"38101","Ward County","North Dakota",7991.62,"5190",0.649430278216432,"62093"
"39001","Adams County","Ohio",8919.798,"7207",0.807977938513854,"28550"
"39003","Allen County","Ohio",20770.757,"15722",0.756929562076144,"106205"
"39005","Ashland County","Ohio",9732.99,"5990",0.615432667659167,"53127"
"39007","Ashtabula County","Ohio",21062.95,"20433",0.970092033642011,"101429"
"39009","Athens County","Ohio",19200.753,"10666",0.55549904735507,"64770"
"39013","Belmont County","Ohio",13341.972,"10220",0.766003706198754,"70319"
"39015","Brown County","Ohio",7666.788,"7484",0.976158464274739,"44857"
"39017","Butler County","Ohio",58459.185,"46512",0.795632029423606,"368630"
"39023","Clark County","Ohio",27290.976,"26755",0.980360687723297,"138193"
"39025","Clermont County","Ohio",24001.688,"20554",0.856356436263983,"197604"
"39027","Clinton County","Ohio",7058.06,"6604",0.935667874741784,"41930"
"39029","Columbiana County","Ohio",22079.8,"17867",0.809201170300456,"107800"
"39031","Coshocton County","Ohio",8277.024,"6788",0.820101524412639,"36875"
"39033","Crawford County","Ohio",7623.792,"8038",1.05433096810616,"43718"
"39035","Cuyahoga County","Ohio",267371.815,"258191",0.965662741976001,"1278,208"
"39037","Darke County","Ohio",7549.28,"5095",0.674898798295996,"52968"
"39041","Delaware County","Ohio",10593.505,"8139",0.768300954216758,"175250"
"39043","Erie County","Ohio",12258.54,"11088",0.904512282865659,"77070"
"39045","Fairfield County","Ohio",19188.512,"18394",0.9585943923114,"146351"
"39049","Franklin County","Ohio",236119.128,"196944",0.83408744419893,"1165,897"
"39053","Gallia County","Ohio",8506.812,"7043",0.827924726677867,"30955"
"39055","Geauga County","Ohio",9887.763,"3700",0.374199907501828,"93408"
"39057","Greene County","Ohio",21735.5,"13161",0.605507119688988,"161605"
"39059","Guernsey County","Ohio",8870.494,"8253",0.930387867913557,"40033"
"39061","Hamilton County","Ohio",150431.232,"130255",0.865877373124219,"802252"
"39063","Hancock County","Ohio",10785.365,"7668",0.710963421265762,"74727"
"39071","Highland County","Ohio",9833.718,"9098",0.925184147033706,"43554"
"39075","Holmes County","Ohio",7563.939,"2104",0.2781619471019,"42382"
"39077","Huron County","Ohio",11272.82,"8780",0.778864560952805,"59586"
"39079","Jackson County","Ohio",9710.22,"7685",0.791434179658133,"33268"
"39081","Jefferson County","Ohio",15128.736,"12405",0.819962751679982,"69614"
"39083","Knox County","Ohio",9821.383,"7976",0.812105586351739,"60988"
"39085","Lake County","Ohio",24043.556,"21098",0.877490833718606,"230101"
"39087","Lawrence County","Ohio",16236.926,"14130",0.870238615363524,"62380"
"39089","Licking County","Ohio",22804.21,"21450",0.940615789803725,"166701"
"39091","Logan County","Ohio",8516.907,"7274",0.854065918531223,"45805"
"39093","Lorain County","Ohio",48867.195,"41306",0.845270533739455,"301449"
"39095","Lucas County","Ohio",97805.925,"89985",0.920036286145241,"441468"
"39099","Mahoning County","Ohio",49819.788,"46592",0.935210723899508,"238310"
"39101","Marion County","Ohio",14478.35,"12103",0.835937796779329,"66482"
"39103","Medina County","Ohio",14334.74,"10040",0.700396379704131,"172592"
"39109","Miami County","Ohio",13716.28,"9244",0.673943664025523,"102461"
"39113","Montgomery County","Ohio",105149.13,"87252",0.829792885590209,"535059"
"39119","Muskingum County","Ohio",18483.3,"19938",1.07870347827498,"86142"
"39127","Perry County","Ohio",8092.86,"7585",0.937245918006737,"36058"
"39129","Pickaway County","Ohio",7632.864,"8506",1.11439166215984,"55803"
"39131","Pike County","Ohio",8921.965,"7707",0.863823160032571,"28692"
"39133","Portage County","Ohio",25863.29,"17113",0.661671426953029,"161386"
"39139","Richland County","Ohio",20639.88,"20409",0.98881388845284,"124177"
"39141","Ross County","Ohio",15993.116,"16354",1.02256495857343,"78090"
"39143","Sandusky County","Ohio",9419.748,"7286",0.773481413727841,"60882"
"39145","Scioto County","Ohio",22108.196,"20252",0.916040368015554,"79506"
"39147","Seneca County","Ohio",9235.296,"8642",0.935757771055741,"56662"
"39149","Shelby County","Ohio",7705.776,"5315",0.689742343924869,"49374"
"39151","Stark County","Ohio",63817.98,"57602",0.902598295966121,"375321"
"39153","Summit County","Ohio",93214.062,"84600",0.907588385108676,"541565"
"39155","Trumbull County","Ohio",41286.366,"32225",0.780524011243809,"209936"
"39157","Tuscarawas County","Ohio",16310.122,"13605",0.834144588250168,"92542"
"39165","Warren County","Ohio",16243.578,"10294",0.633727372134391,"213192"
"39167","Washington County","Ohio",11806.275,"7771",0.658209299715617,"61683"
"39169","Wayne County","Ohio",16106.832,"13018",0.808228458582048,"114505"
"39173","Wood County","Ohio",18503.466,"8328",0.450077839470724,"125502"
"40001","Adair County","Oklahoma",7763.854,"6806",0.876626479580889,"22736"
"40013","Bryan County","Oklahoma",9571.66,"6529",0.682117835359802,"42574"
"40015","Caddo County","Oklahoma",7051.206,"6033",0.855598318925869,"29665"
"40017","Canadian County","Oklahoma",12080.694,"10226",0.846474548564842,"116237"
"40019","Carter County","Oklahoma",10222.212,"8748",0.855783464479117,"47622"
"40021","Cherokee County","Oklahoma",14936.98,"8085",0.541274072804543,"47139"
"40027","Cleveland County","Oklahoma",37683.04,"27817",0.738183543578225,"256895"
"40031","Comanche County","Oklahoma",24896.487,"18658",0.749423000923785,"125368"
"40037","Creek County","Oklahoma",14029.424,"12475",0.889202578808652,"70133"
"40041","Delaware County","Oklahoma",11917.318,"8014",0.672466741258394,"41525"
"40047","Garfield County","Oklahoma",13364.88,"10768",0.805693728638042,"60756"
"40051","Grady County","Oklahoma",10289.274,"8207",0.797626732459452,"52481"
"40071","Kay County","Oklahoma",10669.932,"10117",0.948178488860098,"46460"
"40079","Le Flore County","Oklahoma",13466.493,"11413",0.847510929534512,"50520"
"40081","Lincoln County","Oklahoma",7116.117,"4804",0.67508727020649,"34301"
"40083","Logan County","Oklahoma",7602.075,"6158",0.810041995113176,"42038"
"40089","McCurtain County","Oklahoma",11025.738,"9599",0.870599319519473,"33212"
"40097","Mayes County","Oklahoma",9138.084,"7712",0.843940589734128,"41283"
"40101","Muskogee County","Oklahoma",18186.025,"15929",0.875892340409738,"71110"
"40109","Oklahoma County","Oklahoma",157552.104,"127611",0.809960621027314,"721178"
"40111","Okmulgee County","Oklahoma",9783.98,"10099",1.03219753106609,"40146"
"40113","Osage County","Oklahoma",8453.514,"5732",0.678061218092263,"47416"
"40115","Ottawa County","Oklahoma",7587.346,"6750",0.889639143911455,"31831"
"40119","Payne County","Oklahoma",20395.71,"8832",0.433032240603539,"77448"
"40121","Pittsburg County","Oklahoma",9261.072,"6790",0.733176461645045,"45854"
"40123","Pontotoc County","Oklahoma",9334.396,"7053",0.755592541820596,"37566"
"40125","Pottawatomie County","Oklahoma",14778.848,"15817",1.07024579994327,"69608"
"40131","Rogers County","Oklahoma",11345.4,"11106",0.97889893701412,"86988"
"40133","Seminole County","Oklahoma",7144.632,"7102",0.994033002679494,"25465"
"40135","Sequoyah County","Oklahoma",11475.002,"10619",0.925402888818669,"42432"
"40137","Stephens County","Oklahoma",7826.775,"6701",0.856163617837487,"45097"
"40143","Tulsa County","Oklahoma",113506.54,"87042",0.766845681314927,"605418"
"40145","Wagoner County","Oklahoma",10763.06,"7026",0.652788333429341,"73349"
"40147","Washington County","Oklahoma",9268.468,"7580",0.817826635426696,"51045"
"41003","Benton County","Oregon",17337.32,"10212",0.589018371928303,"85575"
"41005","Clackamas County","Oregon",44987.134,"48932",1.08768876007972,"376891"
"41009","Columbia County","Oregon",7267.475,"9311",1.28118775778382,"49343"
"41011","Coos County","Oregon",13338.486,"16565",1.24189506965033,"63025"
"41017","Deschutes County","Oregon",22929.61,"31928",1.39243537068446,"157894"
"41019","Douglas County","Oregon",22584.148,"27706",1.22678969337254,"107638"
"41029","Jackson County","Oregon",38820.544,"48989",1.26193491775901,"203462"
"41033","Josephine County","Oregon",19210.164,"23704",1.23393012157522,"82807"
"41035","Klamath County","Oregon",14069.002,"17417",1.23796982899,"66345"
"41039","Lane County","Oregon",73074.096,"77570",1.0615252770284,"351983"
"41041","Lincoln County","Oregon",9899.34,"10739",1.08481979606721,"46054"
"41043","Linn County","Oregon",22021.74,"27800",1.26238889388395,"116910"
"41045","Malheur County","Oregon",8143.132,"8357",1.02626360471622,"31319"
"41047","Marion County","Oregon",64098.564,"78388",1.22292911273332,"316096"
"41051","Multnomah County","Oregon",142309.584,"152116",1.06890903426434,"737902"
"41053","Polk County","Oregon",11953.095,"11575",0.968368443486812,"75625"
"41059","Umatilla County","Oregon",15085.008,"16743",1.10990991850982,"76079"
"41067","Washington County","Oregon",67947.971,"66908",0.984694598165411,"531744"
"41071","Yamhill County","Oregon",16159.15,"19614",1.21380146851784,"99391"
"42001","Adams County","Pennsylvania",10822.224,"6768",0.625379774064924,"101485"
"42003","Allegheny County","Pennsylvania",189265.491,"153601",0.811563688596565,"1223,583"
"42005","Armstrong County","Pennsylvania",11110.284,"10846",0.976212669271101,"68839"
"42007","Beaver County","Pennsylvania",24698.205,"25057",1.0145271690797,"170567"
"42009","Bedford County","Pennsylvania",9395.69,"6238",0.663921436318142,"49709"
"42011","Berks County","Pennsylvania",64051.665,"58847",0.918742705595553,"411850"
"42013","Blair County","Pennsylvania",22111.333,"20839",0.942457878952843,"127031"
"42015","Bradford County","Pennsylvania",11995.425,"8044",0.670588995387825,"62651"
"42017","Bucks County","Pennsylvania",44722.939,"33096",0.740022922017714,"625472"
"42019","Butler County","Pennsylvania",20466.78,"15262",0.745696196470573,"184059"
"42021","Cambria County","Pennsylvania",25215.728,"20964",0.831385871548107,"143498"
"42025","Carbon County","Pennsylvania",9490.555,"7820",0.823977101444541,"65220"
"42027","Centre County","Pennsylvania",28339.164,"8495",0.299761841951301,"154127"
"42029","Chester County","Pennsylvania",37757.971,"19426",0.514487391284876,"499797"
"42031","Clarion County","Pennsylvania",8174.158,"5711",0.698665232553616,"39910"
"42033","Clearfield County","Pennsylvania",15685.3,"14397",0.917865772411111,"81562"
"42037","Columbia County","Pennsylvania",11300.744,"7627",0.674911315573559,"67268"
"42039","Crawford County","Pennsylvania",18318.614,"15100",0.824298170156323,"88657"
"42041","Cumberland County","Pennsylvania",19030.264,"14282",0.750488800365565,"235861"
"42043","Dauphin County","Pennsylvania",41191.39,"36794",0.893244923271587,"268220"
"42045","Delaware County","Pennsylvania",66558.24,"60954",0.915799456235622,"559276"
"42049","Erie County","Pennsylvania",53626.398,"54413",1.01466818636598,"280686"
"42051","Fayette County","Pennsylvania",34625.096,"31837",0.91947759509461,"136446"
"42055","Franklin County","Pennsylvania",16958.095,"14041",0.827982152476443,"149834"
"42059","Greene County","Pennsylvania",8429.474,"7143",0.847383834388717,"38640"
"42063","Indiana County","Pennsylvania",20004.138,"10101",0.504945526770511,"88847"
"42065","Jefferson County","Pennsylvania",8879.112,"7066",0.795800300750796,"45231"
"42069","Lackawanna County","Pennsylvania",35940.625,"30350",0.844448308842709,"214367"
"42071","Lancaster County","Pennsylvania",64064.367,"50858",0.793857839881568,"520156"
"42073","Lawrence County","Pennsylvania",15248.583,"15664",1.02724299038147,"90968"
"42075","Lebanon County","Pennsylvania",16329.216,"15473",0.947565394443922,"133688"
"42077","Lehigh County","Pennsylvania",54218.808,"44259",0.816303449533601,"350106"
"42079","Luzerne County","Pennsylvania",56966.952,"50743",0.89074451446867,"320795"
"42081","Lycoming County","Pennsylvania",21763.755,"15988",0.734615878555883,"116143"
"42083","McKean County","Pennsylvania",8186.462,"7412",0.90539722776457,"43356"
"42085","Mercer County","Pennsylvania",20304.675,"19498",0.960271464576508,"116558"
"42087","Mifflin County","Pennsylvania",9746.912,"7637",0.783530209362719,"46666"
"42089","Monroe County","Pennsylvania",22291.896,"21835",0.979503941701504,"169896"
"42091","Montgomery County","Pennsylvania",57764.775,"39509",0.683963540063992,"801052"
"42095","Northampton County","Pennsylvania",32644.372,"29387",0.900216429343472,"298101"
"42097","Northumberland County","Pennsylvania",18761.238,"11580",0.617230056993041,"94366"
"42101","Philadelphia County","Pennsylvania",448479.108,"433086",0.96567709013549,"1528,306"
"42103","Pike County","Pennsylvania",7504.392,"5574",0.742765036794453,"57329"
"42107","Schuylkill County","Pennsylvania",23539.986,"20922",0.888785575318524,"148228"
"42111","Somerset County","Pennsylvania",14585.144,"9498",0.651210574266528,"77626"
"42115","Susquehanna County","Pennsylvania",7470.496,"4845",0.64855131439733,"43277"
"42117","Tioga County","Pennsylvania",8210.045,"4636",0.564674127851918,"42008"
"42121","Venango County","Pennsylvania",11196.837,"9371",0.836932787357715,"54925"
"42125","Washington County","Pennsylvania",28501.599,"23618",0.828655262464397,"207875"
"42127","Wayne County","Pennsylvania",7597.98,"6223",0.81903347995125,"52895"
"42129","Westmoreland County","Pennsylvania",49002.297,"41631",0.849572419023541,"365012"
"42133","York County","Pennsylvania",51639.459,"45548",0.882038675114702,"435490"
"44003","Kent County","Rhode Island",18054.433,"16722",0.926199122398361,"166103"
"44005","Newport County","Rhode Island",8350.264,"6768",0.810513296346079,"82852"
"44007","Providence County","Rhode Island",118453.698,"121104",1.02237416007054,"627070"
"44009","Washington County","Rhode Island",11681.28,"8354",0.715161352180583,"127008"
"45003","Aiken County","South Carolina",32680.436,"29039",0.888574436399808,"160565"
"45007","Anderson County","South Carolina",38770.704,"33479",0.86351282143342,"187269"
"45011","Barnwell County","South Carolina",7024.557,"6484",0.923047531680645,"22630"
"45013","Beaufort County","South Carolina",21456.375,"17588",0.819709759919837,"162989"
"45015","Berkeley County","South Carolina",28557.848,"26900",0.941947726593404,"178783"
"45019","Charleston County","South Carolina",68817.357,"48472",0.704357187097435,"351482"
"45021","Cherokee County","South Carolina",14733.999,"14756",1.00149321307813,"55397"
"45023","Chester County","South Carolina",9472.842,"10147",1.07116744900844,"33096"
"45025","Chesterfield County","South Carolina",12987.32,"12629",0.972410012227311,"46665"
"45027","Clarendon County","South Carolina",10282.593,"10419",1.01326581728947,"34944"
"45029","Colleton County","South Carolina",11175.15,"10826",0.968756571500159,"38914"
"45031","Darlington County","South Carolina",16760.688,"18816",1.12262694705611,"68617"
"45033","Dillon County","South Carolina",12154.35,"9653",0.79420125304932,"32120"
"45035","Dorchester County","South Carolina",19281.643,"20034",1.03901934083107,"137476"
"45041","Florence County","South Carolina",30963.2,"33512",1.08231707317073,"137088"
"45043","Georgetown County","South Carolina",15270.656,"12930",0.846721974484921,"60094"
"45045","Greenville County","South Carolina",80559.43,"65216",0.809538995000337,"452859"
"45047","Greenwood County","South Carolina",16150.08,"14903",0.922781806653589,"69703"
"45051","Horry County","South Carolina",54729.11,"50754",0.927367538043283,"270430"
"45055","Kershaw County","South Carolina",13386.375,"11790",0.880746281200101,"61851"
"45057","Lancaster County","South Carolina",17666,"17694",1.0015849654704,"76889"
"45059","Laurens County","South Carolina",16805.36,"14292",0.850442953914703,"66500"
"45063","Lexington County","South Carolina",37767.365,"36746",0.972956413559696,"263406"
"45067","Marion County","South Carolina",10418.52,"10487",1.00657291054776,"33001"
"45069","Marlboro County","South Carolina",9001.792,"7549",0.838610801049391,"28873"
"45071","Newberry County","South Carolina",7534.241,"7946",1.05465168953316,"37575"
"45073","Oconee County","South Carolina",15490.604,"11187",0.722179716168588,"74359"
"45075","Orangeburg County","South Carolina",29689.7,"27950",0.941403921225206,"92346"
"45077","Pickens County","South Carolina",23477.14,"16008",0.681854774474233,"119217"
"45079","Richland County","South Carolina",65899.2,"61367",0.931225265253599,"385745"
"45083","Spartanburg County","South Carolina",55113.048,"40000",0.725780943924568,"284713"
"45085","Sumter County","South Carolina",26521.02,"26267",0.990421937014489,"107570"
"45087","Union County","South Carolina",7640.19,"5997",0.784928123515253,"28867"
"45089","Williamsburg County","South Carolina",14106.473,"11154",0.790700836417438,"34358"
"45091","York County","South Carolina",33995.633,"32253",0.948739504276917,"226971"
"46099","Minnehaha County","South Dakota",22639.242,"21234",0.937928928892584,"169987"
"46103","Pennington County","South Dakota",17038.694,"15213",0.892850121024534,"101348"
"46113","Shannon County","South Dakota",7736.676,"8095",1.04631498074884,"13644"
"47001","Anderson County","Tennessee",15310.88,"15046",0.982699884004055,"75160"
"47003","Bedford County","Tennessee",11871.036,"10829",0.912220298211546,"45161"
"47009","Blount County","Tennessee",19064.332,"19115",1.00265773802093,"123119"
"47011","Bradley County","Tennessee",21085.568,"19703",0.934430602011765,"99078"
"47013","Campbell County","Tennessee",12147.27,"13026",1.072339710898,"40696"
"47019","Carter County","Tennessee",15940.62,"11987",0.751978279389384,"57358"
"47025","Claiborne County","Tennessee",8676.36,"8515",0.981402339229815,"32234"
"47029","Cocke County","Tennessee",12218.15,"11491",0.940486080134881,"35616"
"47031","Coffee County","Tennessee",12138.048,"10860",0.89470728736614,"52780"
"47035","Cumberland County","Tennessee",11427.57,"11095",0.970897574900001,"56130"
"47037","Davidson County","Tennessee",132190.016,"120561",0.912028030921791,"628133"
"47043","Dickson County","Tennessee",8971.152,"9654",1.07611597707853,"49733"
"47045","Dyer County","Tennessee",10062.214,"10120",1.00574287130049,"38349"
"47053","Gibson County","Tennessee",11728.881,"11439",0.975284854539832,"49717"
"47059","Greene County","Tennessee",16635.025,"13011",0.78214490209663,"68797"
"47063","Hamblen County","Tennessee",14168.73,"13035",0.919983654145431,"62634"
"47065","Hamilton County","Tennessee",62140.21,"57265",0.921545002825063,"337294"
"47071","Hardin County","Tennessee",7404.768,"6896",0.931291837907683,"26025"
"47073","Hawkins County","Tennessee",14383.776,"12784",0.888779135603892,"56848"
"47079","Henry County","Tennessee",7576.558,"7761",1.02434377193443,"32349"
"47089","Jefferson County","Tennessee",11744.744,"10745",0.914877327253791,"51437"
"47093","Knox County","Tennessee",72536.193,"63565",0.876321149084844,"433108"
"47097","Lauderdale County","Tennessee",7577.478,"8070",1.06499814318168,"27773"
"47099","Lawrence County","Tennessee",10668.114,"8905",0.834730487506976,"41991"
"47105","Loudon County","Tennessee",8267.139,"7124",0.861724957086121,"48725"
"47107","McMinn County","Tennessee",11811.584,"10971",0.928833931164525,"52236"
"47113","Madison County","Tennessee",22748.88,"20217",0.888703092196187,"98395"
"47119","Maury County","Tennessee",13390.027,"16634",1.24226784606185,"81141"
"47123","Monroe County","Tennessee",10723.505,"10916",1.01795075397456,"44608"
"47125","Montgomery County","Tennessee",30884.994,"23681",0.766747761064807,"173307"
"47141","Putnam County","Tennessee",18922.2,"14561",0.769519400492543,"72564"
"47143","Rhea County","Tennessee",7867.86,"8531",1.08428467207093,"31842"
"47145","Roane County","Tennessee",10463.852,"8019",0.766352582203953,"54091"
"47147","Robertson County","Tennessee",10346.13,"11574",1.11867915829397,"66469"
"47149","Rutherford County","Tennessee",40157.865,"37575",0.935682213185387,"263740"
"47151","Scott County","Tennessee",7009.28,"8019",1.14405473886048,"22231"
"47155","Sevier County","Tennessee",17041.091,"16260",0.95416426096193,"90072"
"47157","Shelby County","Tennessee",224705.568,"252760",1.12484974115105,"929030"
"47163","Sullivan County","Tennessee",31648.032,"27740",0.876515797253997,"156794"
"47165","Sumner County","Tennessee",20640.824,"22381",1.08430748694916,"161250"
"47167","Tipton County","Tennessee",12290.488,"13367",1.08758903633444,"61118"
"47177","Warren County","Tennessee",10490.592,"9678",0.922540882344867,"39899"
"47179","Washington County","Tennessee",25542.44,"18486",0.723736651627644,"123338"
"47183","Weakley County","Tennessee",9244.26,"7014",0.758741099882522,"35024"
"47187","Williamson County","Tennessee",12324.464,"7503",0.608789153021178,"184035"
"47189","Wilson County","Tennessee",11887.7,"14863",1.25028390689536,"114537"
"48001","Anderson County","Texas",10098.78,"7797",0.772073458378141,"58452"
"48005","Angelina County","Texas",19895.304,"17892",0.899307695926637,"86953"
"48013","Atascosa County","Texas",11033.76,"9784",0.886733081016807,"45003"
"48021","Bastrop County","Texas",13926.617,"11435",0.821089572578897,"74403"
"48027","Bell County","Texas",52775.64,"43998",0.833680084220674,"313000"
"48029","Bexar County","Texas",360290.336,"299115",0.830205448530265,"1723,780"
"48037","Bowie County","Texas",19810.971,"17661",0.891475738367393,"92723"
"48039","Brazoria County","Texas",40019.49,"31924",0.797711315161687,"314494"
"48041","Brazos County","Texas",58853.312,"21153",0.359419024710113,"195693"
"48049","Brown County","Texas",8020.638,"6415",0.799811685803548,"38145"
"48053","Burnet County","Texas",7676.034,"5019",0.653853278919817,"42854"
"48055","Caldwell County","Texas",8197.7,"6940",0.846578918477134,"38141"
"48061","Cameron County","Texas",168215.616,"128745",0.765357004667153,"408054"
"48067","Cass County","Texas",7569.828,"6312",0.833836647279172,"30487"
"48073","Cherokee County","Texas",13006.506,"9919",0.762618338852879,"50923"
"48085","Collin County","Texas",67614.848,"34342",0.507906192438679,"788407"
"48091","Comal County","Texas",14047.062,"9235",0.657432849659238,"109382"
"48097","Cooke County","Texas",7532.877,"4783",0.634949966659485,"38452"
"48099","Coryell County","Texas",12042.111,"7853",0.652128185830541,"75645"
"48113","Dallas County","Texas",552884.332,"390459",0.706221857630793,"2377,351"
"48121","Denton County","Texas",66414.492,"32605",0.490932009236779,"667053"
"48135","Ector County","Texas",30031.56,"27184",0.905181082834192,"137145"
"48139","Ellis County","Texas",22419.477,"17942",0.80028628678537,"150462"
"48141","El Paso County","Texas",257994.72,"195153",0.756422457017725,"804338"
"48143","Erath County","Texas",9550.17,"4478",0.468892176788476,"37948"
"48157","Fort Bend County","Texas",59436.837,"36591",0.615628318175814,"590350"
"48167","Galveston County","Texas",48924.624,"38203",0.780854238143966,"292607"
"48181","Grayson County","Texas",21056.672,"17482",0.830235661171908,"121145"
"48183","Gregg County","Texas",25185.384,"21179",0.840924243998027,"121854"
"48187","Guadalupe County","Texas",16205.692,"15810",0.975583146958488,"132431"
"48189","Hale County","Texas",8581.1,"7842",0.913868851312769,"36377"
"48199","Hardin County","Texas",8746.54,"7923",0.905843910849319,"54748"
"48201","Harris County","Texas",887145.283,"586937",0.661601894579425,"4110,771"
"48203","Harrison County","Texas",12604.194,"12203",0.968169801258216,"65766"
"48209","Hays County","Texas",27439.434,"16575",0.604057649294078,"158312"
"48213","Henderson County","Texas",18714.312,"13356",0.71367838689448,"78647"
"48215","Hidalgo County","Texas",312792.672,"261621",0.836403865625087,"780087"
"48217","Hill County","Texas",7488.768,"5816",0.776629747376338,"35136"
"48223","Hopkins County","Texas",7524.024,"4667",0.620279786454695,"35230"
"48225","Houston County","Texas",7257.888,"4517",0.622357357953168,"23723"
"48227","Howard County","Texas",7331.439,"9395",1.2814673899626,"35003"
"48231","Hunt County","Texas",20511.218,"13078",0.637602311086548,"86353"
"48241","Jasper County","Texas",8283.556,"7717",0.931604735937078,"35809"
"48245","Jefferson County","Texas",56639.898,"46678",0.824118715750512,"252390"
"48249","Jim Wells County","Texas",11539.856,"10492",0.909196787204277,"40919"
"48251","Johnson County","Texas",22779.65,"19981",0.877142537308519,"151211"
"48257","Kaufman County","Texas",14842.377,"14626",0.985421674708842,"103927"
"48265","Kerr County","Texas",9653.778,"6115",0.633430766690512,"49658"
"48273","Kleberg County","Texas",9953.703,"7226",0.725960981556311,"32106"
"48277","Lamar County","Texas",11538.108,"10025",0.868859955202361,"49842"
"48291","Liberty County","Texas",14071.2,"13712",0.974472681789755,"75868"
"48303","Lubbock County","Texas",63927.208,"44924",0.702736775239738,"280237"
"48309","McLennan County","Texas",56750.848,"43201",0.761239726320918,"236028"
"48321","Matagorda County","Texas",9568.09,"7738",0.808729850994295,"36751"
"48323","Maverick County","Texas",23056.362,"19564",0.848529356018959,"54521"
"48325","Medina County","Texas",8967,"6918",0.771495483439277,"46115"
"48329","Midland County","Texas",21394.456,"16816",0.78599801743031,"136975"
"48339","Montgomery County","Texas",63536.25,"41171",0.647992287867162,"459018"
"48347","Nacogdoches County","Texas",17868.935,"11459",0.641280523993176,"64710"
"48349","Navarro County","Texas",12319.662,"8962",0.72745502271085,"47812"
"48355","Nueces County","Texas",84683.082,"68630",0.810433422817559,"340480"
"48361","Orange County","Texas",14728.35,"13986",0.949597205389606,"81930"
"48367","Parker County","Texas",15875.853,"11887",0.748747169679639,"117283"
"48373","Polk County","Texas",12892.816,"8872",0.688135159921618,"45395"
"48375","Potter County","Texas",35527.356,"28728",0.808616323714042,"121446"
"48381","Randall County","Texas",15215.865,"6429",0.422519521565156,"121208"
"48401","Rusk County","Texas",7920.354,"6613",0.834937428301816,"53393"
"48409","San Patricio County","Texas",13577.006,"13395",0.986594540799348,"64586"
"48419","Shelby County","Texas",8054.328,"5044",0.626247155566548,"25455"
"48423","Smith County","Texas",41201.03,"27617",0.67029877651117,"210512"
"48427","Starr County","Texas",28668.878,"27289",0.951868433776864,"61220"
"48439","Tarrant County","Texas",307519.494,"225877",0.734512785065912,"1817,658"
"48441","Taylor County","Texas",26013.903,"20359",0.782619970559589,"131896"
"48449","Titus County","Texas",7834.195,"5754",0.734472399525414,"32490"
"48451","Tom Green County","Texas",22853.124,"16562",0.724714923001337,"110679"
"48453","Travis County","Texas",200190.848,"135668",0.6776933179283,"1030,806"
"48459","Upshur County","Texas",7291.788,"6519",0.894019409231316,"39355"
"48463","Uvalde County","Texas",8917.848,"8062",0.904029761440204,"26477"
"48465","Val Verde County","Texas",15240.759,"12685",0.832307629823423,"49019"
"48467","Van Zandt County","Texas",9711.28,"7159",0.73718397574779,"52637"
"48469","Victoria County","Texas",18079.148,"15550",0.860106903267787,"86878"
"48471","Walker County","Texas",13122.334,"6913",0.52681176991837,"68185"
"48473","Waller County","Texas",10004.107,"7871",0.786776870739187,"43422"
"48479","Webb County","Texas",87858.162,"84701",0.964065239607448,"251632"
"48481","Wharton County","Texas",9389.201,"6925",0.737549446433195,"41369"
"48485","Wichita County","Texas",24745.194,"20638",0.834020537482955,"131685"
"48489","Willacy County","Texas",10350.405,"7319",0.70712208845934,"22183"
"48491","Williamson County","Texas",37256.256,"34365",0.922395422664049,"426645"
"48497","Wise County","Texas",7954.66,"6124",0.76986319968421,"59141"
"48499","Wood County","Texas",7810.6,"5206",0.666530100120349,"42019"
"49005","Cache County","Utah",21234.564,"10251",0.482750670086751,"113417"
"49011","Davis County","Utah",26561.262,"22067",0.830796368034019,"307856"
"49021","Iron County","Utah",11379.365,"6957",0.611369790845095,"46310"
"49035","Salt Lake County","Utah",140945.376,"110280",0.78243077658681,"1033,910"
"49049","Utah County","Utah",81201.06,"42648",0.525214818624289,"520049"
"49053","Washington County","Utah",20899.369,"17763",0.849929966785122,"138451"
"49057","Weber County","Utah",35220.32,"28926",0.821287256901698,"232228"
"50007","Chittenden County","Vermont",19386.346,"16080",0.829449758092629,"156705"
"50021","Rutland County","Vermont",9539.52,"11387",1.19366592868404,"61566"
"50023","Washington County","Vermont",7874.072,"7271",0.92341040315608,"59577"
"50027","Windsor County","Vermont",7712.13,"7838",1.01632104230608,"56654"
"51001","Accomack County","Virginia",7537.152,"6027",0.799638908701855,"33202"
"51003","Albemarle County","Virginia",10569.19,"5952",0.563146277056236,"99150"
"51013","Arlington County","Virginia",16699.824,"6518",0.390303514575962,"209457"
"51015","Augusta County","Virginia",9363.06,"6390",0.682469192763904,"73668"
"51019","Bedford County","Virginia",8829.662,"5615",0.635924682054647,"68735"
"51027","Buchanan County","Virginia",7157.163,"4808",0.671774556482785,"24012"
"51031","Campbell County","Virginia",9537.062,"7559",0.792592100166697,"54921"
"51041","Chesterfield County","Virginia",25516.26,"26242",1.02844225603595,"317102"
"51059","Fairfax County","Virginia",71751.03,"37994",0.529525499494572,"1086,743"
"51067","Franklin County","Virginia",10011.98,"8234",0.822414747132935,"56191"
"51069","Frederick County","Virginia",7964.224,"6628",0.832221695421927,"78511"
"51083","Halifax County","Virginia",9454.405,"7099",0.750866923936514,"36192"
"51087","Henrico County","Virginia",37830.272,"30564",0.807924405090188,"307435"
"51089","Henry County","Virginia",13163.796,"11522",0.875279440671976,"54079"
"51107","Loudoun County","Virginia",11887.007,"7708",0.648439089839856,"315134"
"51117","Mecklenburg County","Virginia",8034.56,"5161",0.642350047793532,"32671"
"51121","Montgomery County","Virginia",20641.212,"7689",0.372507195798386,"94531"
"51143","Pittsylvania County","Virginia",12466.4,"9975",0.800150805364821,"63488"
"51153","Prince William County","Virginia",27238.344,"24879",0.913381518347812,"406110"
"51155","Pulaski County","Virginia",7226.994,"6250",0.864813226633369,"34829"
"51161","Roanoke County","Virginia",7338.016,"5901",0.804168320156293,"92389"
"51165","Rockingham County","Virginia",10623.57,"5897",0.555086472814694,"76413"
"51173","Smyth County","Virginia",7626.146,"6644",0.871213323217258,"32163"
"51177","Spotsylvania County","Virginia",11543.776,"10811",0.936521983794558,"122853"
"51185","Tazewell County","Virginia",10334.61,"7372",0.713331223916529,"45078"
"51191","Washington County","Virginia",11160.423,"7593",0.680350556605247,"54877"
"51195","Wise County","Virginia",10664.472,"8849",0.829764474040534,"41463"
"51510","Alexandria city","Virginia",14015.744,"8328",0.594188934957716,"140912"
"51540","Charlottesville city","Virginia",11934.816,"5810",0.486811024149849,"43547"
"51550","Chesapeake city","Virginia",19289.79,"21173",1.09762729402446,"222986"
"51590","Danville city","Virginia",13181.624,"13523",1.02589787115761,"42928"
"51650","Hampton city","Virginia",21521.286,"19209",0.892558186346299,"137381"
"51660","Harrisonburg city","Virginia",14413.839,"4816",0.334123337994826,"49041"
"51680","Lynchburg city","Virginia",17553.326,"13055",0.743733694685554,"75686"
"51700","Newport News city","Virginia",30426.88,"33121",1.08854407681629,"180712"
"51710","Norfolk city","Virginia",49190.24,"46502",0.945350134498226,"243135"
"51730","Petersburg city","Virginia",8663.472,"10387",1.19894194844746,"32527"
"51740","Portsmouth city","Virginia",18340.74,"21352",1.16418421503167,"95696"
"51760","Richmond city","Virginia",58483.14,"48830",0.83494148911977,"204389"
"51770","Roanoke city","Virginia",25025.546,"22288",0.890609939139789,"96967"
"51800","Suffolk city","Virginia",11557.664,"11863",1.02641848733446,"84906"
"51810","Virginia Beach city","Virginia",39568.059,"30716",0.77628270823191,"439172"
"53005","Benton County","Washington",27394.316,"29678",1.0833634247338,"176455"
"53007","Chelan County","Washington",11295.116,"13209",1.16944350106719,"72735"
"53009","Clallam County","Washington",13152.26,"11331",0.861524939440066,"71515"
"53011","Clark County","Washington",57996.261,"73702",1.27080606110108,"427044"
"53015","Cowlitz County","Washington",21212.72,"25520",1.20305175385335,"102501"
"53017","Douglas County","Washington",7605.726,"5310",0.698158203437778,"38589"
"53021","Franklin County","Washington",18534.912,"17192",0.927546890969863,"79223"
"53025","Grant County","Washington",22403.169,"20251",0.903934617464163,"89744"
"53027","Grays Harbor County","Washington",15195.096,"16550",1.08916718920367,"72882"
"53029","Island County","Washington",8621.934,"7202",0.835311427807265,"78681"
"53033","King County","Washington",242471.83,"212470",0.876266739934284,"1937,961"
"53035","Kitsap County","Washington",30007.752,"31765",1.05855980148063,"251809"
"53037","Kittitas County","Washington",9651.522,"5096",0.527999625344065,"41028"
"53041","Lewis County","Washington",13393.953,"17129",1.27886069183608,"75487"
"53045","Mason County","Washington",11461.824,"10980",0.957962711694055,"60766"
"53047","Okanogan County","Washington",10151.295,"9873",0.972585271140283,"41257"
"53053","Pierce County","Washington",117831.155,"132844",1.12740980940058,"795628"
"53057","Skagit County","Washington",19866.102,"22571",1.13615645384283,"117102"
"53061","Snohomish County","Washington",75993.264,"89023",1.17145909142684,"715470"
"53063","Spokane County","Washington",83153.904,"92099",1.10757277253032,"472147"
"53065","Stevens County","Washington",8605.413,"9729",1.13056746956828,"43486"
"53067","Thurston County","Washington",31910.025,"35382",1.10880514822536,"253087"
"53071","Walla Walla County","Washington",12123.444,"10041",0.828229998010466,"58963"
"53073","Whatcom County","Washington",37414.44,"30466",0.814284538269182,"201628"
"53075","Whitman County","Washington",12367.794,"3412",0.275877816205542,"44791"
"53077","Yakima County","Washington",66244.83,"68973",1.04118313836718,"244485"
"54003","Berkeley County","West Virginia",14083.276,"15185",1.07822924154863,"104641"
"54011","Cabell County","West Virginia",23906.56,"18707",0.78250488568828,"96378"
"54019","Fayette County","West Virginia",12567.156,"10167",0.809013590664427,"46042"
"54025","Greenbrier County","West Virginia",8843.776,"5954",0.673241836970995,"35505"
"54033","Harrison County","West Virginia",16278.72,"11920",0.732244304220479,"69233"
"54039","Kanawha County","West Virginia",34597.108,"33564",0.970138891377857,"192976"
"54043","Lincoln County","West Virginia",7235.091,"6370",0.880431220561013,"21702"
"54045","Logan County","West Virginia",9489.981,"8852",0.932773205763004,"36743"
"54047","McDowell County","West Virginia",9881.115,"8332",0.843224676567371,"22062"
"54049","Marion County","West Virginia",11893.824,"9251",0.777798628935488,"56482"
"54051","Marshall County","West Virginia",8591.616,"5850",0.680896352909627,"33086"
"54055","Mercer County","West Virginia",17471.52,"15181",0.868899786624175,"62282"
"54059","Mingo County","West Virginia",7407.257,"7970",1.07597184760837,"26789"
"54061","Monongalia County","West Virginia",21935.228,"8541",0.389373659576276,"96791"
"54069","Ohio County","West Virginia",8557.597,"6790",0.793447038929269,"44449"
"54079","Putnam County","West Virginia",7236.397,"6381",0.881792416861596,"55597"
"54081","Raleigh County","West Virginia",16753.05,"15167",0.90532768660035,"78904"
"54099","Wayne County","West Virginia",10935.093,"9283",0.848918248797701,"42388"
"54107","Wood County","West Virginia",18360.57,"18137",0.98782336278231,"86990"
"55005","Barron County","Wisconsin",7853.508,"7734",0.984782851179371,"45850"
"55009","Brown County","Wisconsin",33139.96,"30134",0.909295002166569,"248506"
"55017","Chippewa County","Wisconsin",9284.968,"8842",0.952291919584429,"62515"
"55025","Dane County","Wisconsin",67818.46,"45800",0.675332350513415,"489309"
"55027","Dodge County","Wisconsin",8886.334,"8828",0.99343553820957,"88748"
"55031","Douglas County","Wisconsin",7087.752,"7578",1.06916833433224,"44184"
"55033","Dunn County","Wisconsin",7172.82,"5902",0.822828399430071,"43898"
"55035","Eau Claire County","Wisconsin",16912.128,"12700",0.750940390233565,"98928"
"55039","Fond du Lac County","Wisconsin",12686.763,"10332",0.814392134542121,"101665"
"55043","Grant County","Wisconsin",8275.281,"4821",0.582578404286211,"51233"
"55055","Jefferson County","Wisconsin",10272.384,"8507",0.828142717406203,"83693"
"55059","Kenosha County","Wisconsin",24967.332,"28213",1.12999658914296,"166671"
"55063","La Crosse County","Wisconsin",18497.396,"13421",0.725561587155295,"114874"
"55071","Manitowoc County","Wisconsin",9965.88,"8334",0.836253296246794,"81349"
"55073","Marathon County","Wisconsin",15703.8,"16713",1.06426470026363,"134104"
"55075","Marinette County","Wisconsin",8022.4,"6258",0.780065815715995,"41703"
"55079","Milwaukee County","Wisconsin",225169.95,"247698",1.1000490962493,"948944"
"55081","Monroe County","Wisconsin",7312.032,"5940",0.812359683327425,"44736"
"55087","Outagamie County","Wisconsin",18879.19,"14876",0.787957534195058,"176912"
"55097","Portage County","Wisconsin",10580.92,"7044",0.665726609784404,"70053"
"55101","Racine County","Wisconsin",30287.36,"32565",1.07520100794523,"195510"
"55105","Rock County","Wisconsin",25697.98,"28965",1.12713139320678,"160310"
"55109","St. Croix County","Wisconsin",7113.381,"6356",0.893527283298898,"84442"
"55111","Sauk County","Wisconsin",8304.702,"7491",0.902019121215909,"62025"
"55117","Sheboygan County","Wisconsin",13761.117,"13904",1.01038309608152,"115472"
"55127","Walworth County","Wisconsin",15316.015,"12352",0.806476097078777,"102205"
"55131","Washington County","Wisconsin",9429.41,"9363",0.992957141539078,"131971"
"55133","Waukesha County","Wisconsin",23271.195,"16548",0.711093693297658,"389964"
"55135","Waupaca County","Wisconsin",7913.1,"5890",0.74433534265964,"52369"
"55139","Winnebago County","Wisconsin",22184.019,"17310",0.780291434117506,"167059"
"55141","Wood County","Wisconsin",10108.134,"10894",1.07774590245836,"74793"
"56001","Albany County","Wyoming",8476.748,"1874",0.221075346347444,"36438"
"56013","Fremont County","Wyoming",7773.479,"3959",0.509295773488293,"40243"
"56021","Laramie County","Wyoming",11465.775,"7334",0.639642762918337,"92127"
"56025","Natrona County","Wyoming",8575.2,"5585",0.65129676275772,"75507"
