FIPS,popmedian,UIC_2013
1001,54601.5,2
1003,182730,2
1005,27434,6
1007,22891,1
1009,57330,1
1011,10902,6
1013,20949,6
1015,118541,2
1017,34186,5
1019,25990,6
1021,43662.5,1
1023,13839.5,10
1025,25798,11
1027,13914.5,10
1029,14980,4
1031,50026,5
1033,54430.5,2
1035,13215,11
1037,11547.5,3
1039,37770.5,6
1041,13881.5,6
1043,80432.5,3
1045,50304.5,5
1047,43805,5
1049,71130,6
1051,79426,2
1053,38305.5,6
1055,104446,2
1057,17230,6
1059,31716.5,6
1061,26802.5,2
1063,9016,6
1065,15734,2
1067,17304.5,2
1069,101717.5,2
1071,53177.5,5
1073,658510.5,1
1075,14536,7
1077,92694,2
1079,34340.5,2
1081,140513.5,2
1083,82987.5,2
1085,11279,2
1087,21496,6
1089,335399.5,2
1091,21001,11
1093,30773,11
1095,93127,5
1097,413134.5,2
1099,23031,11
1101,229603.5,2
1103,119558,2
1105,10573.5,4
1107,19725.5,2
1109,32928,5
1111,22914.5,4
1113,53067.5,2
1115,83677,1
1117,195456.5,1
1119,13753.5,6
1121,82200.5,3
1123,41566,6
1125,194846,2
1127,66985,1
1129,17589,7
1131,11642.5,10
1133,24439.5,4
2013,3148,12
2016,5559.5,11
2020,292526.5,2
2050,17051.5,11
2060,999,12
2068,1830.5,7
2070,4862,12
2090,97947.5,2
2100,2510,12
2105,2150.5,10
2110,31345.5,8
2122,55505,11
2130,13503,8
2150,13612.5,11
2164,1632,12
2170,89366,2
2180,9522,11
2185,9455,11
2188,7533,11
2195,3821.5,11
2198,5575.5,10
2220,8886.5,11
2230,966.5,12
2240,7041.5,12
2261,9658,11
2270,7461.5,12
2275,2372,12
2282,661,12
2290,5605,12
4001,71597,6
4003,131567.5,2
4005,134536,2
4007,53583,3
4009,37165,8
4011,8395,9
4012,20473.5,4
4013,NA,1
4015,200183.5,2
4017,107500,5
4019,981208.5,2
4021,379806,1
4023,47441,5
4025,211047,2
4027,196130,2
5001,18998.5,6
5003,21842.5,11
5005,41508,8
5007,222116.5,2
5009,36910.5,8
5011,11502,9
5013,5355,8
5015,27504,6
5017,11791,9
5019,22987,8
5021,16080,9
5023,25980.5,6
5025,8692,2
5027,24531.5,8
5029,21269.5,6
5031,96607,2
5033,61987,2
5035,50919.5,1
5037,17860.5,4
5039,8101,6
5041,12993.5,6
5043,18512,6
5045,113608.5,2
5047,18120.5,6
5049,12237,9
5051,96084.5,2
5053,17871,2
5055,42141,5
5057,22614.5,6
5059,32933,5
5061,13804.5,6
5063,36692.5,8
5065,13689.5,10
5067,17985.5,6
5069,77396.5,2
5071,25562.5,9
5073,7641,7
5075,17419.5,6
5077,10418,9
5079,14119,2
5081,13157,2
5083,22339,6
5085,68495,2
5087,15726,2
5089,16638.5,10
5091,43495.5,2
5093,46414.5,3
5095,8124,9
5097,9479.5,7
5099,8986.5,9
5101,8332,8
5103,26127,8
5105,10443,2
5107,21706,3
5109,11288,10
5111,24575.5,2
5113,20671,11
5115,61810.5,8
5117,8705.5,7
5119,383190,2
5121,17969,9
5123,28216,3
5125,107325,2
5127,11255.5,6
5129,8191,10
5131,125832,2
5133,17100,6
5135,17250,9
5137,12398.5,9
5139,41596.5,8
5141,17280,6
5143,203594,2
5145,77213,5
5147,7254.5,10
5149,22195.5,5
6001,NA,1
6003,1169,4
6005,38066.5,4
6007,220036,2
6009,45534,6
6011,21446.5,4
6013,NA,1
6015,28621,8
6017,181126,1
6019,931849,2
6021,28125.5,6
6023,134708.5,8
6025,174881,2
6027,18529.5,11
6029,840919,2
6031,153078,2
6033,64718,5
6035,34850,8
6037,NA,1
6039,151136.5,2
6041,252662.5,1
6043,18247,7
6045,87834.5,5
6047,256285.5,2
6049,9685.5,6
6051,14218,11
6053,415869.5,2
6055,136671,2
6057,98779,3
6059,NA,1
6061,349240,1
6063,19978.5,12
6065,NA,1
6067,NA,1
6069,55415,1
6071,NA,1
6073,NA,1
6075,805349,1
6077,686525,2
6079,269875,2
6081,719306.5,1
6083,424303.5,2
6085,NA,1
6087,262718,2
6089,177257,2
6091,3238,7
6093,44914.5,6
6095,413824.5,2
6097,484499,2
6099,514905.5,2
6101,94771.5,2
6103,63533.5,5
6105,13795,6
6107,442933.5,2
6109,55275.5,5
6111,824512,2
6113,201019.5,1
6115,72271.5,2
8001,442659,1
8003,15472,11
8005,573512.5,1
8007,12073.5,10
8009,3791.5,12
8011,6504.5,12
8013,294866.5,2
8014,56012,1
8015,17809,11
8017,1833,12
8019,9100,1
8021,8272,12
8023,3526,12
8025,5830.5,7
8027,4263,7
8029,30918.5,6
8031,602286,1
8033,2063,12
8035,286234,1
8037,52161.5,8
8039,23112,1
8041,624595.5,2
8043,46830.5,5
8045,56264,8
8047,5459.5,1
8049,14819.5,10
8051,15318,11
8053,845,12
8055,6689,6
8057,1392,10
8059,535038,1
8061,1398.5,12
8063,8273,11
8065,7298.5,4
8067,51382.5,5
8069,300133.5,2
8071,15464,11
8073,5470,7
8075,22722,8
8077,146518,2
8079,711,12
8081,13806.5,8
8083,25537,6
8085,41229.5,5
8087,28176,3
8089,18843,6
8091,4445.5,10
8093,16234,1
8095,4457,10
8097,17155.5,8
8099,12548.5,11
8101,159270,2
8103,6643,10
8105,11996.5,11
8107,23478,8
8109,6115,12
8111,704.5,10
8113,7358,12
8115,2375.5,10
8117,28037.5,8
8119,23402,2
8121,4808.5,10
8123,253547.5,2
8125,10043,11
9001,917771.5,2
9003,894246,1
9005,189883.5,3
9007,165686.5,1
9009,862733,2
9011,274055,2
9013,152736,1
9015,118473.5,2
10001,162611,2
10003,538732.5,1
10005,197508,2
11001,603088,1
12001,247416.5,2
12003,27110.5,1
12005,169062,2
12007,28500,4
12009,543474.5,2
12011,NA,1
12013,14612,6
12015,159984,2
12017,141182.5,2
12019,191130,1
12021,321996,2
12023,67564,3
12027,34923,5
12029,16406,7
12031,865069.5,1
12033,297831,2
12035,95812,2
12037,11551.5,6
12039,46419,2
12041,16947.5,2
12043,12863,4
12045,15855,2
12047,14773,6
12049,27766,3
12051,39160,3
12053,172893,1
12055,98743,2
12057,NA,1
12059,19891,6
12061,138148,2
12063,49723.5,6
12065,14762,2
12067,8880.5,12
12069,297501,1
12071,619452.5,2
12073,275772.5,2
12075,40768,6
12077,8360,7
12079,19214.5,6
12081,323134,2
12083,331294,2
12085,146355.5,2
12086,NA,1
12087,73179.5,3
12089,73393.5,1
12091,180775,2
12093,40018.5,3
12095,NA,1
12097,269261,1
12099,NA,1
12101,465120,1
12103,916630.5,1
12105,602441.5,2
12107,74313,3
12109,190681,1
12111,278239,2
12113,151669,2
12115,379661,2
12117,423113,1
12119,93747,2
12121,41523,6
12123,22568,6
12125,15529.5,4
12127,494560,2
12129,30801,2
12131,55138,2
12133,24897.5,6
13001,18248.5,9
13003,8370.5,10
13005,11086,9
13007,3433,2
13009,45727.5,5
13011,18405,6
13013,69549,1
13015,100176,1
13017,17643.5,8
13019,19294.5,6
13021,155631,2
13023,13080.5,6
13025,18423,2
13027,16221,2
13029,30307.5,2
13031,70473,5
13033,23341.5,2
13035,23664.5,1
13037,6695.5,7
13039,50605,3
13043,11014,9
13045,110594,1
13047,63958.5,2
13049,12154,4
13051,265499.5,2
13053,11201.5,2
13055,26015.5,5
13057,214737.5,1
13059,116691,2
13061,3179,12
13063,259523.5,1
13065,6799,7
13067,689070.5,1
13069,42344,8
13071,45563,5
13073,124434,2
13075,17219.5,6
13077,127636,1
13079,12610.5,2
13081,23431,5
13083,16621,2
13085,22336.5,1
13087,27827.5,5
13089,692397.5,1
13091,21785.5,6
13093,14893.5,6
13095,94571,2
13097,132562.5,1
13099,10998,6
13101,4042,2
13103,52343,2
13105,20139,6
13107,22631,9
13109,11003.5,6
13111,23672.5,4
13113,106756,1
13115,96295.5,2
13117,176124.5,1
13119,22066,6
13121,923389,1
13123,28313.5,4
13125,3081,12
13127,79721,2
13129,55200,3
13131,25035.5,6
13133,16000,4
13135,807020,1
13137,43060.5,5
13139,179968.5,2
13141,9410,8
13143,28777,1
13145,32095.5,2
13147,25215,6
13149,11844,1
13151,204593.5,1
13153,140306.5,2
13155,9533,9
13157,60595.5,3
13159,13913,1
13161,15079.5,9
13163,16907,7
13165,8342.5,6
13167,9975.5,8
13169,28651.5,2
13171,18326,1
13173,10102,2
13175,48436.5,8
13177,28347.5,2
13179,63136,2
13181,7981,2
13183,14554,2
13185,109483.5,2
13187,29982,4
13189,21875.5,2
13191,14302,2
13193,14701,6
13195,28143.5,2
13197,8747.5,2
13199,21920.5,1
13201,6124,7
13205,23499,6
13207,26445.5,2
13209,9119.5,8
13211,17865,1
13213,39593.5,2
13215,190151,2
13217,100022,1
13219,32896,2
13221,14909,2
13223,142532.5,1
13225,27718,2
13227,29433.5,1
13229,18788,5
13231,17887,1
13233,41499,3
13235,12000.5,2
13237,21211.5,4
13239,2517,11
13241,16278,10
13243,7707.5,6
13245,200777,2
13247,85324.5,1
13249,5010,5
13251,14546.5,6
13253,8728,6
13255,64077,1
13257,26184,8
13259,6055.5,6
13261,32817.5,5
13263,6854.5,4
13265,1707.5,7
13267,25552.5,6
13269,8908.5,7
13271,16498.5,11
13273,9318,2
13275,44744.5,5
13277,40228.5,8
13279,27260,8
13281,10479.5,12
13283,6880.5,9
13285,67115.5,3
13287,8940,6
13289,8995.5,2
13291,21349,12
13293,27120,3
13295,68758.5,2
13297,83886,1
13299,36326,8
13301,5819,7
13303,21171.5,9
13305,30107,5
13307,2794,6
13309,7422,9
13311,27156,6
13313,102766.5,2
13315,9262.5,6
13317,10591.5,6
13319,9551.5,7
13321,21654.5,2
15001,185242.5,8
15003,954491,2
15005,90,2
15007,67158.5,8
15009,154979,2
16001,392948,2
16003,3964.5,12
16005,82955,2
16007,5978.5,11
16009,9285,7
16011,45688,5
16013,21351,8
16015,7030,2
16017,40896,5
16019,104413,2
16021,10999,9
16023,2899,2
16025,1113,8
16027,189175.5,2
16029,6970,6
16031,23020,8
16033,985,12
16035,8750.5,6
16037,4367,7
16039,27080.5,5
16041,12790,2
16043,13246.5,5
16045,16697,2
16047,15483.5,9
16049,16279,6
16051,26188,2
16053,22421.5,8
16055,138697.5,2
16057,37289,5
16059,7946.5,11
16061,3818.5,7
16063,5209.5,8
16065,37579.5,5
16067,20090.5,8
16069,39302,2
16071,4292,7
16073,11519,2
16075,22622,5
16077,7848,6
16079,12747,7
16081,10181.5,8
16083,77373.5,8
16085,9824.5,6
16087,10201.5,6
17001,67111.5,8
17003,8223.5,2
17005,17773,1
17007,54162.5,2
17009,6928,10
17011,34959.5,8
17013,5088.5,1
17015,15374,9
17017,13644,6
17019,201206.5,2
17021,34793,5
17023,16322,6
17025,13808.5,9
17027,37797.5,1
17029,53898.5,8
17031,NA,1
17033,19805.5,9
17035,11044.5,8
17037,105180.5,1
17039,16558.5,2
17041,19975,6
17043,917844,1
17045,18553,6
17047,6725,12
17049,34238,8
17051,22132.5,4
17053,14078,2
17055,39569.5,6
17057,37059.5,5
17059,5582.5,7
17061,13876,4
17063,50103.5,1
17065,8453,9
17067,19097,8
17069,4316,12
17071,7328.5,8
17073,50462,2
17075,29689,4
17077,60289.5,2
17079,9694.5,9
17081,38816.5,8
17083,22964.5,1
17085,22666.5,6
17087,12586.5,6
17089,515884,1
17091,113475.5,2
17093,115020,1
17095,52919,5
17097,704029,1
17099,113882,3
17101,16829,9
17103,35986,3
17105,38914,3
17107,30295.5,5
17109,32610.5,8
17111,308976,1
17113,169702,2
17115,110741.5,2
17117,47786.5,1
17119,269276.5,1
17121,39427,3
17123,12634.5,2
17125,14645.5,6
17127,15421.5,8
17129,12700,2
17131,16430,2
17133,32973.5,1
17135,30090,4
17137,35528.5,5
17139,14849.5,6
17141,53487,3
17143,186402.5,2
17145,22346.5,6
17147,16717,2
17149,16419,9
17151,4470.5,7
17153,6159,7
17155,6006.5,5
17157,33456.5,4
17159,16224,11
17161,147531.5,2
17163,270237.5,1
17165,24922.5,6
17167,197643.5,2
17169,7543.5,9
17171,5348.5,8
17173,22349,6
17175,5985.5,2
17177,47680,5
17179,135413.5,2
17181,17791.5,6
17183,81588,2
17185,11930.5,11
17187,17704.5,6
17189,14707,4
17191,16747,9
17193,14645.5,6
17195,58473,5
17197,678128.5,1
17199,66363,2
17201,295196.5,2
17203,38661.5,2
18001,34391.5,5
18003,355592.5,2
18005,76824.5,2
18007,8871,2
18009,12756.5,6
18011,56765.5,1
18013,15230,1
18015,20158.5,2
18017,38965.5,5
18019,110421,1
18021,26883,2
18023,33229,3
18025,10719.5,4
18027,31682,8
18029,50073.5,1
18031,25756,3
18033,42254,5
18035,117670,2
18037,41882,8
18039,197602.5,2
18041,24279.5,3
18043,74628.5,1
18045,17244.5,6
18047,23067,4
18049,20840,9
18051,33520,6
18053,70018,3
18055,33185,6
18057,275479.5,1
18059,70126,1
18061,39379,1
18063,145657.5,1
18065,49469,3
18067,82761,2
18069,37116.5,5
18071,42481.5,5
18073,33503.5,1
18075,21224.5,6
18077,32411,3
18079,28512.5,5
18081,139831.5,1
18083,38422.5,8
18085,77363,5
18087,37131,6
18089,495993,1
18091,111466,2
18093,46129,5
18095,131639,1
18097,904135.5,1
18099,47035.5,5
18101,10336,9
18103,36851.5,5
18105,138198,2
18107,38110,3
18109,68977.5,1
18111,14243.5,1
18113,47538.5,5
18115,6123.5,1
18117,19820,4
18119,21573.5,2
18121,17335.5,4
18123,19332.5,6
18125,12838,5
18127,164467.5,1
18129,25906.5,2
18131,13376.5,4
18133,37934.5,1
18135,26152,6
18137,28816,4
18139,17375,4
18141,266946,2
18143,24177.5,1
18145,44413.5,1
18147,20930,7
18149,23367.5,4
18151,34175,8
18153,21472,2
18155,10614,4
18157,172871.5,2
18159,15915.5,4
18161,7518,1
18163,179768,2
18165,16180,2
18167,107903,2
18169,32857,5
18171,8504.5,7
18173,59762,2
18175,28276,1
18177,68885,8
18179,27639,2
18181,24639,6
18183,33313.5,2
19001,7678.5,7
19003,4024,12
19005,14342.5,6
19007,12882,9
19009,6113,7
19011,26074.5,2
19013,131155.5,2
19015,26293.5,5
19017,24282.5,2
19019,20947,6
19021,20296,8
19023,14889,7
19025,9666,10
19027,20827,11
19029,13954,6
19031,18500,6
19033,44127.5,8
19035,12083.5,6
19037,12427.5,6
19039,9293,6
19041,16658.5,8
19043,18108,7
19045,49104.5,5
19047,17114,11
19049,66375.5,2
19051,8759,8
19053,8445,12
19055,17757.5,6
19057,40321.5,8
19059,16667,8
19061,93766.5,2
19063,10291,9
19065,20859.5,6
19067,16306.5,9
19069,10681.5,9
19071,7436.5,6
19073,9335.5,6
19075,12450,2
19077,10955,2
19079,15654.5,6
19081,11331,9
19083,17526.5,6
19085,14925,2
19087,20132,6
19089,9562.5,6
19091,9805.5,9
19093,7083.5,7
19095,16338,6
19097,19846.5,6
19099,36828.5,5
19101,16835,8
19103,131053.5,2
19105,20643.5,2
19107,10504.5,7
19109,15521.5,11
19111,35859.5,8
19113,211363.5,2
19115,11381,7
19117,8891.5,6
19119,11579.5,6
19121,15705.5,2
19123,22378.5,8
19125,33271.5,6
19127,40697,5
19129,15060,2
19131,10778.5,9
19133,9237,6
19135,7972,9
19137,10729,6
19139,42741.5,5
19141,14386,9
19143,6450.5,9
19145,15927,6
19147,9402,9
19149,24990.5,2
19151,7294,10
19153,431450,2
19155,93258.5,2
19157,18899.5,9
19159,5130,12
19161,10348,10
19163,165532.5,2
19165,12163.5,6
19167,33704.5,11
19169,89558.5,2
19171,17748.5,6
19173,6310,10
19175,12531,6
19177,7559,10
19179,35646,8
19181,46266.5,2
19183,21698.5,2
19185,6402.5,12
19187,37964,8
19189,10853.5,9
19191,21057.5,11
19193,102289.5,2
19195,7596,8
19197,13215.5,9
20001,13362.5,11
20003,8099.5,4
20005,16909,3
20007,4852.5,12
20009,27689.5,8
20011,15172.5,4
20013,9986,6
20015,65901.5,2
20017,2792,10
20019,3664.5,7
20021,21586,6
20023,2723,12
20025,2208,10
20027,8544,6
20029,9525.5,9
20031,8605.5,6
20033,1893,12
20035,36298,5
20037,39159.5,5
20039,2956.5,12
20041,19746.5,9
20043,7947.5,2
20045,110978,2
20047,3043,10
20049,2877,7
20051,28459.5,8
20053,6504,9
20055,36894.5,8
20057,33971,8
20059,26013.5,3
20061,34787,5
20063,2693,12
20065,2596,12
20067,7840.5,9
20069,6021.5,10
20071,1253,12
20073,6683,6
20075,2692,10
20077,6031,7
20079,34705,2
20081,4265,10
20083,1914,10
20085,13477,2
20087,19129,2
20089,3076,12
20091,545027.5,1
20093,3987.5,8
20095,7849,2
20097,2561.5,10
20099,21581,8
20101,1745,12
20103,76365.5,1
20105,3238,10
20107,9648,1
20109,2757,12
20111,33672,5
20113,29165.5,8
20115,12651,6
20117,10117,6
20119,4585.5,10
20121,32823.5,1
20123,6363.5,11
20125,35430.5,8
20127,5918,6
20129,3230.5,12
20131,10175.5,6
20133,16496,9
20135,3105.5,12
20137,5672.5,11
20139,16293,2
20141,3848,12
20143,6084,8
20145,6967.5,9
20147,5640,11
20149,21652.5,2
20151,9648.5,11
20153,2511.5,12
20155,64554,5
20157,4966,12
20159,10086,9
20161,71298,2
20163,5177.5,10
20165,3314.5,10
20167,6980,9
20169,55669.5,8
20171,4951.5,9
20173,498879,2
20175,22994,8
20177,178117.5,2
20179,2550.5,12
20181,6008,11
20183,3852,12
20185,4438.5,10
20187,2244,12
20189,5739.5,9
20191,24118,2
20193,7919,11
20195,3002,10
20197,7048,2
20199,1487.5,12
20201,5799,12
20203,2235.5,12
20205,9396,10
20207,3306,12
20209,157675,1
21001,18635,9
21003,19968,2
21005,21443,3
21007,8256,8
21009,42168.5,5
21011,11599,5
21013,28698.5,8
21015,119050.5,1
21017,19974.5,2
21019,49561,2
21021,28464.5,8
21023,8493.5,1
21025,13876.5,12
21027,20059.5,7
21029,74396,1
21031,12702,2
21033,12981,9
21035,37236,8
21037,90434,1
21039,5103,10
21041,10802.5,4
21043,27697.5,6
21045,15963.5,10
21047,74067,2
21049,35623.5,2
21051,21714,10
21053,10267,12
21055,9314,9
21057,6853,10
21059,96709,2
21061,12166,2
21063,7873.5,12
21065,14675,6
21067,296284,2
21069,14364.5,9
21071,39448.5,11
21073,49286.5,3
21075,6817,8
21077,8593,1
21079,16916,6
21081,24666.5,1
21083,37163,8
21085,25765.5,6
21087,11242,7
21089,36897.5,2
21091,8567.5,2
21093,106238,2
21095,29255,10
21097,18837,4
21099,18202.5,7
21101,46276,2
21103,15402.5,1
21105,4893.5,10
21107,46909.5,8
21109,13498.5,10
21111,741634,1
21113,48651,2
21115,23385.5,11
21117,159798,1
21119,16322,12
21121,31888,8
21123,14189,2
21125,58896.5,8
21127,15864,7
21129,7880.5,12
21131,11304.5,10
21133,24535,10
21135,13859.5,7
21137,24741.5,8
21139,9526.5,8
21141,26835,6
21143,8309,9
21145,65552,8
21147,18310,10
21149,9525,2
21151,83036.5,5
21153,13330,12
21155,19825.5,9
21157,31450,9
21159,12911.5,12
21161,17493.5,3
21163,28633,2
21165,6306.5,8
21167,21347,6
21169,10104,8
21171,10970.5,7
21173,26507.5,5
21175,13925.5,11
21177,31496,6
21179,43523,3
21181,7133,7
21183,23830,6
21185,60383,1
21187,10837,4
21189,4759.5,12
21191,14893.5,1
21193,28718.5,11
21195,64988,11
21197,12619,6
21199,63099,8
21201,2280.5,4
21203,17044,8
21205,23325.5,9
21207,17550,10
21209,47308,2
21211,42164.5,1
21213,17342,4
21215,17084.5,1
21217,24536.5,8
21219,12453.5,7
21221,14345,2
21223,8803.5,1
21225,15006,6
21227,113982,2
21229,11743.5,9
21231,20814.5,9
21233,13611,6
21235,35611.5,8
21237,7352,12
21239,24982,2
22001,61808.5,2
22003,25748,6
22005,107553,2
22007,23397.5,4
22009,42088,6
22011,35742.5,5
22013,14341.5,6
22015,117250.5,2
22017,255256,2
22019,192999,2
22021,10125.5,7
22023,6819,2
22025,10394,10
22027,17168,6
22029,20814,8
22031,26695,2
22033,440540,2
22035,7745,11
22037,20228.5,2
22039,33987,6
22041,20770,11
22043,22325,2
22045,73238,2
22047,33375.5,2
22049,16285.5,6
22051,432500.5,1
22053,31599.5,6
22055,221814.5,2
22057,96323,2
22059,14909,6
22061,46768,5
22063,128287.5,2
22065,12097.5,9
22067,27952,5
22069,39585.5,5
22071,345843.5,1
22073,153815,2
22075,23074,1
22077,22786.5,2
22079,131696,2
22081,9085,7
22083,20730.5,6
22085,24231,6
22087,36329.5,1
22089,52775.5,1
22091,11204,2
22093,22064,1
22095,45868.5,1
22097,83419,5
22099,52187,2
22101,54614.5,5
22103,234154,1
22105,121261,2
22107,5241.5,10
22109,111860.5,2
22111,22737.5,2
22113,58034.5,2
22115,52551.5,8
22117,47130.5,3
22119,41211,2
22121,23852.5,2
22123,11593,10
22125,15617.5,2
22127,15300,6
23001,107662.5,2
23003,71795,11
23005,281565.5,2
23007,30750,6
23009,54391,6
23011,122147,5
23013,39715,11
23015,34428,7
23017,57792.5,6
23019,153886,2
23021,17542,6
23023,35259.5,2
23025,52229.5,6
23027,38793.5,6
23029,32833.5,11
23031,197173.5,2
24001,75054,2
24003,538427,1
24005,805369,1
24009,88836.5,1
24011,33079.5,4
24013,167187.5,1
24015,101153.5,1
24017,146818.5,1
24019,32634,5
24021,233753.5,1
24023,30080,7
24025,245001.5,1
24027,287730.5,1
24029,20209.5,4
24031,973990,1
24033,864345.5,1
24035,47848.5,1
24037,105468.5,2
24039,26475.5,2
24041,37808,3
24043,147494,2
24045,98788,2
24047,51442.5,2
24510,620772,1
25001,215912.5,2
25003,131181.5,2
25005,548448.5,1
25007,16558,8
25009,743901.5,1
25011,71370.5,5
25013,463584,2
25015,158087,2
25017,NA,1
25019,10163.5,11
25021,671613,1
25023,495349.5,1
25025,722673,1
25027,799052.5,2
26001,10913,10
26003,9588,10
26005,111455.5,5
26007,29563.5,8
26009,23542.5,10
26011,15883,7
26013,8852,10
26015,59108.5,2
26017,107737,2
26019,17510.5,8
26021,156809,2
26023,45192.5,5
26025,136109,2
26027,52244.5,2
26029,25925,11
26031,26117.5,11
26033,38561,8
26035,30926.5,6
26037,75404,2
26039,14055.5,12
26041,37067,8
26043,26139.5,8
26045,107798.5,2
26047,32692.5,11
26049,425358,2
26051,25683.5,6
26053,16413.5,11
26055,87014.5,8
26057,42468.5,5
26059,46665.5,5
26061,36657,8
26063,33078.5,11
26065,280853.5,2
26067,63894.5,5
26069,25832,11
26071,11815,9
26073,70322.5,5
26075,160224.5,2
26077,250534.5,2
26079,17135,8
26081,602920.5,2
26083,2162.5,8
26085,11521.5,10
26087,88264.5,1
26089,21706.5,8
26091,99827.5,5
26093,180969.5,1
26095,6617.5,10
26097,11095,10
26099,841052,1
26101,24715.5,9
26103,67104,8
26105,28713,8
26107,42814.5,5
26109,24011.5,8
26111,83610.5,2
26113,14839.5,8
26115,151976.5,2
26117,63306,2
26119,9763,10
26121,172128,2
26123,48426.5,6
26125,NA,1
26127,26541.5,7
26129,21661,11
26131,6768,10
26133,23517,10
26135,8624.5,12
26137,24148,11
26139,263928,2
26141,13352.5,9
26143,24439,11
26145,200040,2
26147,162914.5,1
26149,61278.5,5
26151,43060.5,4
26153,8479.5,9
26155,70627,3
26157,55695,4
26159,76222,2
26161,345040.5,2
26163,NA,1
26165,32732.5,8
27001,16198.5,4
27003,331073,1
27005,32512,6
27007,44480,8
27009,38475,2
27011,5266.5,12
27013,64055.5,2
27015,25888.5,5
27017,35392.5,2
27019,91201.5,1
27021,28577,8
27023,12452,9
27025,53906,1
27027,59080.5,2
27029,8697,7
27031,5174,12
27033,11688,9
27035,62529.5,3
27037,398826,1
27039,20111,2
27041,35998.5,5
27043,14534.5,6
27045,20855,2
27047,31237,8
27049,46206.5,3
27051,6014,10
27053,NA,1
27055,19024.5,2
27057,20407,9
27059,37836.5,1
27061,45050.5,6
27063,10268,9
27065,16224,4
27067,42254.5,5
27069,4546.5,12
27071,13312.5,6
27073,7248.5,12
27075,10862,6
27077,4042.5,12
27079,27701,1
27081,5894,10
27083,25861,8
27085,36652.5,3
27087,5417,7
27089,9429,7
27091,20840,11
27093,23297.5,4
27095,26092.5,1
27097,33201,4
27099,39175.5,5
27101,8711.5,10
27103,32753.5,2
27105,21377,8
27107,6853.5,7
27109,144378.5,2
27111,57282.5,5
27113,13938,6
27115,29738.5,4
27117,9587,6
27119,31620,2
27121,10986.5,6
27123,508980,1
27125,4082,7
27127,16058.5,9
27129,15711.5,4
27131,64185,3
27133,9689.5,6
27135,15595,11
27137,200190.5,2
27139,130207.5,1
27141,88595,1
27143,15235.5,1
27145,150713.5,2
27147,36560.5,8
27149,9722.5,11
27151,9771.5,9
27153,24890,6
27155,3550,12
27157,21667,2
27159,13838,9
27161,19136.5,4
27163,238490,1
27165,11213,6
27167,6573.5,5
27169,51440,5
27171,124909,1
27173,10431.5,9
28001,32274,8
28003,37072.5,8
28005,13120.5,5
28007,19558,6
28009,8724.5,1
28011,34124,8
28013,14959.5,10
28015,10588.5,8
28017,17401,9
28019,8546,10
28021,9581.5,5
28023,16747.5,8
28025,20605.5,9
28027,26142.5,8
28029,29439.5,2
28031,19590,6
28033,161499,1
28035,75023.5,2
28037,8121.5,10
28039,22632,6
28041,14395.5,7
28043,21898,8
28045,43970.5,2
28047,187445,2
28049,245457,2
28051,19162.5,6
28053,9355.5,7
28055,1401,7
28057,23409,8
28059,139683,2
28061,17022.5,8
28063,7719,7
28065,12475.5,7
28067,67815.5,5
28069,10435.5,8
28071,47423.5,3
28073,55856,2
28075,80245,8
28077,12911,7
28079,23798,6
28081,82979,8
28083,32312,8
28085,34866,5
28087,59807.5,8
28089,95377.5,2
28091,27085.5,6
28093,37124,1
28095,36939,9
28097,10924.5,9
28099,29681.5,9
28101,21719,9
28103,11528,9
28105,47681.5,8
28107,34703.5,4
28109,55811,3
28111,12254,2
28113,40410,5
28115,29982.5,8
28117,25232.5,9
28119,8205.5,4
28121,141817.5,2
28123,28311,6
28125,4894.5,7
28127,27507,2
28129,16475.5,7
28131,17838,6
28133,29428,8
28135,15362,9
28137,28933.5,1
28139,22236,4
28141,19593.5,6
28143,10758,1
28145,27148,4
28147,15429.5,10
28149,48806.5,5
28151,51107.5,8
28153,20745,9
28155,10262,10
28157,9861.5,7
28159,19196,9
28161,12664,9
28163,28038.5,2
29001,25607,8
29003,17334,2
29005,5671.5,10
29007,25509.5,5
29009,35592.5,6
29011,12393.5,6
29013,17045.5,1
29015,19058,10
29017,12347.5,2
29019,162937,2
29021,89172.5,2
29023,42795,8
29025,9430,1
29027,44375.5,2
29029,43993.5,9
29031,75784.5,2
29033,9295.5,4
29035,6282,10
29037,99600.5,1
29039,13977.5,6
29041,7839,10
29043,77623.5,2
29045,7143.5,8
29047,222328.5,1
29049,20742.5,1
29051,76086,2
29053,17605.5,6
29055,24666.5,4
29057,7875,7
29059,16769.5,2
29061,8437,4
29063,12896,2
29065,15669,9
29067,13663,6
29069,31936.5,8
29071,101500,1
29073,15224,4
29075,6728.5,7
29077,275294,2
29079,10267,11
29081,8949,11
29083,22269,4
29085,9627.5,7
29087,4911,7
29089,10133.5,6
29091,40466,8
29093,10604.5,10
29095,674708.5,1
29097,117587,2
29099,218908.5,1
29101,52655,3
29103,4132,10
29105,35606.5,5
29107,33395,1
29109,38617.5,6
29111,10207,8
29113,52634,1
29115,12756.5,11
29117,15195.5,4
29119,23085,2
29121,15573.5,9
29123,12211,6
29125,9180.5,7
29127,28787,8
29129,3781,12
29131,24731,6
29133,14374,6
29135,15611.5,2
29137,8811,9
29139,12238.5,4
29141,20562,7
29143,18945,9
29145,58115.5,2
29147,23377,5
29149,10901.5,10
29151,13871.5,2
29153,9725.5,10
29155,18279.5,9
29157,18954,6
29159,42244,3
29161,45228.5,8
29163,18511.5,4
29165,89499.5,1
29167,31138,2
29169,52538.5,8
29171,4975.5,10
29173,10168,8
29175,25425.5,5
29177,23484,1
29179,6694,12
29181,14101.5,10
29183,361043.5,1
29185,9814,4
29186,18135.5,4
29187,65428.5,3
29189,998917.5,1
29195,23388,3
29197,4430,8
29199,4842.5,10
29201,39214.5,5
29203,8439,10
29205,6371.5,10
29207,29982.5,6
29209,32187,5
29211,6719.5,10
29213,51784,5
29215,26028,9
29217,21160.5,11
29219,32532,1
29221,25200,4
29223,13510,10
29225,36244.5,2
29227,2163,10
29229,18834,6
29510,319225,1
30001,9249.5,11
30003,12889.5,6
30005,6499,12
30007,5620.5,10
30009,10081.5,2
30011,1157,12
30013,81423,2
30015,5808,7
30017,11701,11
30019,1754.5,12
30021,8951,11
30023,9296,9
30025,2888.5,12
30027,11584,11
30029,90914.5,8
30031,89585.5,8
30033,1199,12
30035,13425,11
30037,884,2
30039,3080.5,7
30041,16124,11
30043,11415,8
30045,2070,7
30047,28756,6
30049,63507.5,8
30051,2341.5,12
30053,19678.5,9
30055,1737.5,12
30057,7691,10
30059,1889,10
30061,4221,7
30063,109396.5,2
30065,4549,7
30067,15622,9
30069,494.5,12
30071,4251,12
30073,6156.5,11
30075,1742,12
30077,7024.5,6
30079,1184,12
30081,40260,6
30083,9752.5,9
30085,10439,9
30087,9243.5,12
30089,11397.5,7
30091,3380.5,12
30093,34217,8
30095,9119,7
30097,3636.5,12
30099,6077,7
30101,5330.5,11
30103,715.5,7
30105,7364,11
30107,2167,12
30109,1012.5,12
30111,148202,2
31001,31376,5
31003,6674.5,10
31005,461.5,10
31007,690,8
31009,478,10
31011,5502.5,10
31013,11296.5,11
31015,2103,12
31017,3149.5,12
31019,46133.5,5
31021,6852.5,7
31023,8396.5,6
31025,25266,2
31027,8844.5,10
31029,3968.5,12
31031,5715,11
31033,9988.5,11
31035,6542.5,7
31037,10536.5,9
31039,9139.5,9
31041,10925.5,9
31043,21017,2
31045,9176,11
31047,24354.5,8
31049,1938.5,12
31051,6001.5,2
31053,36699,5
31055,517943.5,2
31057,2008,12
31059,5889.5,7
31061,3230,10
31063,2749.5,10
31065,4958.5,12
31067,22306,5
31069,2061,12
31071,2048,12
31073,2045.5,8
31075,612,12
31077,2541,7
31079,58710.5,2
31081,9128,2
31083,3423.5,10
31085,962.5,10
31087,2906,12
31089,10434.5,11
31091,737,12
31093,6273.5,2
31095,7532,9
31097,5224,7
31099,6490.5,8
31101,8367.5,9
31103,824,12
31105,3820.5,7
31107,8697,10
31109,285774,2
31111,36279,8
31113,766.5,8
31115,633,12
31117,538.5,8
31119,34918,8
31121,7848,2
31123,5044,10
31125,3732.5,7
31127,7253,11
31129,4498.5,12
31131,15756.5,6
31133,2775,10
31135,2972.5,10
31137,9193.5,9
31139,7266,8
31141,32280.5,8
31143,5400.5,10
31145,11050,11
31147,8356.5,11
31149,1521.5,12
31151,14209.5,6
31153,159274.5,2
31155,20819,2
31157,37021,8
31159,16778.5,2
31161,5460.5,12
31163,3152,7
31165,1307.5,8
31167,6126.5,8
31169,5228.5,12
31171,644,10
31173,6957.5,7
31175,4264,12
31177,20245.5,2
31179,9601,6
31181,3810.5,10
31183,818.5,12
31185,13658.5,6
32001,24843.5,5
32003,NA,1
32005,46976.5,3
32007,48872,8
32009,776.5,10
32011,1994.5,8
32013,16567,8
32015,5787,9
32017,5353.5,4
32019,52014.5,5
32021,4770,11
32023,43857.5,3
32027,6752,10
32029,4006,2
32031,421967.5,2
32033,10044,11
32510,55250,2
33001,60086.5,3
33003,47827,4
33005,77083,5
33007,33002.5,8
33009,89113,8
33011,400889,2
33013,146422.5,3
33015,295291.5,1
33017,123170.5,1
33019,43729,8
34001,274617,2
34003,905828.5,1
34005,448941.5,1
34007,513632,1
34009,97259,2
34011,157023.5,2
34013,784098.5,1
34015,288434.5,1
34017,634780,1
34019,128361,1
34021,366651,2
34023,810422,1
34025,630673,1
34027,492485,1
34029,577085,1
34031,501543,1
34033,66070.5,1
34035,323819,1
34037,149252,1
34039,537080,1
34041,108703,2
35001,663601.5,2
35003,3727.5,10
35005,65712,8
35006,27230,5
35007,13738,11
35009,48662.5,8
35011,2022,12
35013,209885.5,2
35015,53859.5,8
35017,29456.5,8
35019,4690,9
35021,693,12
35023,4874,9
35025,64712.5,8
35027,20498.5,9
35028,17990.5,5
35029,25114,5
35031,71644.5,8
35033,4885,10
35035,64040.5,5
35037,9059.5,11
35039,40292.5,5
35041,19948,8
35043,131945.5,2
35045,130094.5,2
35047,29390,5
35049,144388,2
35051,12007,6
35053,17858,6
35055,32947,8
35057,16379,2
35059,4545,11
35061,76664,2
36001,304018.5,2
36003,48944.5,9
36005,NA,1
36007,200436,2
36009,80273,3
36011,80002,5
36013,134836.5,3
36015,88827,2
36017,50441,6
36019,82121.5,8
36021,63084.5,3
36023,49315,5
36025,47906,6
36027,297532.5,1
36029,918846,1
36031,39336,6
36033,51589,8
36035,55528.5,5
36037,60080.5,3
36039,49190,6
36041,4833.5,7
36043,64510.5,2
36045,116405.5,2
36047,NA,1
36049,27079.5,6
36051,65363,1
36053,73440.5,2
36055,744366.5,1
36057,50234.5,5
36059,NA,1
36061,NA,1
36063,216507.5,1
36065,234861.5,2
36067,467115,2
36069,108023.5,1
36071,373084,1
36073,42868.5,1
36075,122111.5,2
36077,62245.5,8
36079,99711.5,1
36081,NA,1
36083,159428.5,2
36085,469046.5,1
36087,311935,1
36089,111919,5
36091,219783.5,2
36093,154808,2
36095,32735.5,2
36097,18336.5,7
36099,35225,3
36101,98960,3
36103,NA,1
36105,77523.5,4
36107,51087,2
36109,101592,2
36111,182464,2
36113,65702,2
36115,63252,2
36117,93762.5,1
36119,949827,1
36121,42142,4
36123,25343,1
37001,151329.5,2
37003,37218.5,2
37005,11159,10
37007,26928,4
37009,27286,10
37011,17776,7
37013,47789.5,5
37015,21266,11
37017,35209.5,6
37019,107711.5,2
37021,238575,2
37023,90841.5,2
37025,178299.5,1
37027,83013.5,2
37029,9991.5,3
37031,66577,5
37033,23707,7
37035,154373.5,2
37037,63663,2
37039,27440,12
37041,14776,4
37043,10590.5,12
37045,98064,3
37047,58046,6
37049,103706.5,2
37051,319849,2
37053,23595,1
37055,33967.5,3
37057,162904,2
37059,41280.5,2
37061,58616.5,6
37063,268020.5,2
37065,56545.5,2
37067,351002.5,2
37069,60733.5,1
37071,206149.5,1
37073,12202,1
37075,8868,12
37077,59989.5,3
37079,21373,7
37081,489043.5,2
37083,54626.5,5
37085,115205.5,3
37087,58985.5,2
37089,106859,2
37091,24656,4
37093,47209,2
37095,5808.5,10
37097,159604,1
37099,40304.5,5
37101,169306.5,1
37103,10153,2
37105,57908.5,5
37107,59467,5
37109,78357.5,1
37111,45006,5
37113,33930,9
37115,20770.5,2
37117,24503,6
37119,921527.5,1
37121,15562.5,10
37123,27812,6
37125,88408,5
37127,95889,2
37129,203004,2
37131,22069.5,8
37133,178621.5,2
37135,133999,2
37137,13134,2
37139,40697,3
37141,52325,2
37143,13474,3
37145,39462.5,2
37147,168482.5,2
37149,20487.5,7
37151,141856,2
37153,46649,8
37155,134320.5,5
37157,93642,2
37159,138437,1
37161,67791,5
37163,63485.5,4
37165,36128.5,5
37167,60590,3
37169,47376,2
37171,73683.5,5
37173,13984.5,7
37175,33092,5
37177,4412,8
37179,201749,1
37181,45424,3
37183,903981,1
37185,20951.5,4
37187,13217,9
37189,51060,8
37191,122765,2
37193,69313.5,3
37195,81296.5,3
37197,38415.5,2
37199,17806,7
38001,2344.5,12
38003,11064,6
38005,6672.5,12
38007,781,10
38009,6432,10
38011,3150.5,12
38013,1968,10
38015,81487,2
38017,150004,2
38019,3992,12
38021,5291,10
38023,2077.5,10
38025,3538,10
38027,2381.5,12
38029,3545,7
38031,3346,10
38033,1683,12
38035,66926,2
38037,2390,7
38039,2419.5,12
38041,2472.5,10
38043,2439.5,7
38045,4133,10
38047,1991.5,10
38049,5395.5,8
38051,2797.5,12
38053,6387.5,10
38055,8973.5,7
38057,8423,11
38059,27535.5,2
38061,7703,10
38063,3125,7
38065,1843,2
38067,7416.5,12
38069,4357.5,9
38071,11463.5,11
38073,5445.5,7
38075,2473.5,8
38077,16331.5,5
38079,13961,12
38081,3817,10
38083,1314.5,12
38085,4156,2
38087,726.5,12
38089,24260,8
38091,1980.5,7
38093,21105,8
38095,2247.5,12
38097,8111.5,7
38099,11100,6
38101,61884,8
38103,4205.5,12
38105,22475,8
39001,28550,4
39003,106268,2
39005,53133,3
39007,101463,3
39009,64763.5,3
39011,45944,5
39013,70359.5,2
39015,44851.5,1
39017,368380,1
39019,28818,2
39021,40061,3
39023,138263,2
39025,197483.5,1
39027,41985,3
39029,107820.5,3
39031,36888,3
39033,43751,3
39035,NA,1
39037,52963.5,5
39039,39022,5
39041,174732,1
39043,77074.5,3
39045,146253.5,1
39047,29036.5,3
39049,NA,1
39051,42683.5,2
39053,30944.5,5
39055,93398.5,1
39057,161589,2
39059,40060,5
39061,802313,1
39063,74754.5,5
39065,32061.5,6
39067,15857.5,6
39069,28200.5,6
39071,43571.5,4
39073,29377,1
39075,42374,9
39077,59606,3
39079,33246.5,8
39081,69661.5,2
39083,60954.5,3
39085,230071,1
39087,62415,2
39089,166596.5,1
39091,45831.5,3
39093,301402.5,1
39095,441641.5,2
39097,43440.5,1
39099,238566.5,2
39101,66491.5,3
39103,172462,1
39105,23757.5,6
39107,40803.5,8
39109,102483.5,2
39111,14616,7
39113,535106,2
39115,15039.5,4
39117,34810,1
39119,86108,3
39121,14641,10
39123,41404.5,5
39125,19597.5,6
39127,36058,1
39129,55750.5,1
39131,28700.5,9
39133,161402.5,2
39135,42227.5,4
39137,34481.5,6
39139,124326,2
39141,78077,3
39143,60913,5
39145,79502.5,5
39147,56703.5,5
39149,49398.5,5
39151,375453.5,2
39153,541673,2
39155,210124,2
39157,92562,5
39159,52345,1
39161,28721,5
39163,13425,4
39165,212942.5,1
39167,61730.5,5
39169,114512.5,3
39171,37588.5,6
39173,125495,2
39175,22605.5,9
40001,22709.5,6
40003,5644,10
40005,14188.5,9
40007,5643.5,10
40009,22062.5,8
40011,11955.5,4
40013,42495,5
40015,29632.5,4
40017,115889,1
40019,47589.5,8
40021,47063,5
40023,15215,9
40025,2473,10
40027,256325,1
40029,5917.5,10
40031,124733,2
40033,6197,2
40035,15051.5,6
40037,70050,2
40039,27493,8
40041,41506,6
40043,4810,10
40045,4152.5,10
40047,60668,8
40049,27564.5,4
40051,52456,1
40053,4530.5,10
40055,6228,9
40057,2932,10
40059,3686,10
40061,12762,6
40063,14013.5,9
40065,26471,8
40067,6458.5,7
40069,10970.5,9
40071,46511,8
40073,15049,4
40075,9441,6
40077,11146,9
40079,50452,2
40081,34287,1
40083,41943,1
40085,9432.5,9
40087,34610.5,1
40089,33181.5,11
40091,20260,6
40093,7516.5,9
40095,15863.5,6
40097,41271,6
40099,13501,9
40101,71050,5
40103,11556,4
40105,10524,6
40107,12197,4
40109,719905.5,1
40111,40107.5,2
40113,47444,2
40115,31839.5,5
40117,16577,2
40119,77399,3
40121,45845.5,8
40123,37529,8
40125,69525,3
40127,11573,12
40129,3649,10
40131,86946.5,2
40133,25473.5,9
40135,42411.5,2
40137,45072.5,3
40139,20741.5,8
40141,7983.5,6
40143,604410.5,2
40145,73217,2
40147,51010.5,5
40149,11624,9
40151,8887,9
40153,20025.5,8
41001,16115.5,11
41003,85577,2
41005,376441.5,1
41007,37054.5,3
41009,49347,1
41011,63034,8
41013,20921,5
41015,22350.5,8
41017,157813.5,2
41019,107652.5,5
41021,1871,12
41023,7451.5,12
41025,7410.5,11
41027,22398.5,3
41029,203334,2
41031,21695,6
41033,82760,2
41035,66362.5,8
41037,7883.5,12
41039,351849,2
41041,46044,8
41043,116791,2
41045,31316,5
41047,315715.5,2
41049,11190,5
41051,736618,1
41053,75514,2
41055,1769.5,10
41057,25257.5,4
41059,75984,5
41061,25772,8
41063,7017.5,10
41065,25239.5,3
41067,530727,1
41069,1445.5,10
41071,99292,1
42001,101446,2
42003,NA,1
42005,68890,1
42007,170553,1
42009,49735.5,6
42011,411646,2
42013,127060,2
42015,62636.5,5
42017,625360.5,1
42019,183960.5,1
42021,143588.5,2
42023,5082.5,10
42025,65234.5,2
42027,154058.5,2
42029,499341.5,1
42031,39949,4
42033,81602,5
42035,39234,5
42037,67281.5,2
42039,88711,5
42041,235633.5,2
42043,268160,2
42045,559127.5,1
42047,31898,9
42049,280626,2
42051,136526,1
42053,7700.5,9
42055,149726,2
42057,14848.5,7
42059,38663,4
42061,45913.5,5
42063,88863.5,3
42065,45215.5,9
42067,24629,7
42069,214402,2
42071,519800.5,2
42073,91038,3
42075,133628,2
42077,349801.5,2
42079,320856.5,2
42081,116127,2
42083,43403,8
42085,116598,2
42087,46674,5
42089,169869,2
42091,800463,1
42093,18276.5,2
42095,297918,2
42097,94447,5
42099,45982,2
42101,NA,1
42103,57349,1
42105,17460.5,9
42107,148258.5,5
42109,39715.5,8
42111,77684,3
42113,6419.5,7
42115,43316.5,7
42117,41994.5,6
42119,44955.5,5
42121,54954.5,3
42123,41791,5
42125,207847.5,1
42127,52858.5,4
42129,365090.5,1
42131,28271,2
42133,435231,2
44001,49864,1
44003,166130.5,1
44005,82870,1
44007,626868.5,1
44009,126993.5,1
45001,25376,5
45003,160332,2
45005,10385,6
45007,187197.5,2
45009,15968,9
45011,22625.5,6
45013,162611,2
45015,178313,2
45017,15150.5,2
45019,350845.5,2
45021,55369.5,5
45023,33118,1
45025,46699.5,4
45027,34957.5,6
45029,38903,6
45031,68649,2
45033,32091,6
45035,137015.5,2
45037,26975.5,2
45039,23923,2
45041,136986.5,2
45043,60126,5
45045,452042,2
45047,69682,5
45049,21069.5,6
45051,269860.5,2
45053,24858,2
45055,61774,2
45057,76770.5,1
45059,66518.5,2
45061,19205.5,6
45063,262898.5,2
45065,10230.5,6
45067,33031.5,6
45069,28903,5
45071,37541.5,5
45073,74316,5
45075,92423.5,5
45077,119220.5,2
45079,385124.5,2
45081,19900.5,2
45083,284510,2
45085,107513,2
45087,28914,2
45089,34390.5,6
45091,226522,1
46003,2711.5,10
46005,17403,8
46007,3435,12
46009,7073.5,10
46011,31984,8
46013,36579,8
46015,5265,12
46017,1923.5,12
46019,10124,6
46021,1466,12
46023,9136.5,12
46025,3688.5,10
46027,13862.5,5
46029,27229,8
46031,4062,12
46033,8233,2
46035,19518.5,8
46037,5717,10
46039,4358,10
46041,5318.5,12
46043,2998,10
46045,4075,8
46047,7102,6
46049,2364,10
46051,7348,9
46053,4269.5,12
46055,1930.5,7
46057,5911.5,10
46059,3434.5,10
46061,3330.5,5
46063,1252,12
46065,17048,8
46067,7343,7
46069,1418.5,10
46071,3035,7
46073,2078,10
46075,1009,10
46077,5150,10
46079,11230,6
46081,24145,5
46083,45009,2
46085,3762.5,10
46087,5623,2
46089,2456.5,10
46091,4657.5,10
46093,25444,2
46095,2049.5,12
46097,2385.5,7
46099,169727.5,2
46101,6492,7
46103,101148,2
46105,2988.5,7
46107,2334,10
46109,10171,10
46111,2353.5,10
46113,13615,6
46115,6412,10
46117,2974.5,8
46119,1373.5,8
46121,9635.5,12
46123,5645,11
46125,8350,2
46127,14450,2
46129,5446,11
46135,22449,8
46137,2809,7
47001,75144.5,2
47003,45109.5,3
47005,16494,9
47007,12869.5,7
47009,123064.5,2
47011,99020.5,2
47013,40706,2
47015,13798,1
47017,28520,6
47019,57391,2
47021,39104,1
47023,17138.5,2
47025,32223.5,6
47027,7866,10
47029,35639,5
47031,52788,3
47033,14586,2
47035,56091.5,5
47037,627407,1
47039,11749.5,12
47041,18725,4
47043,49699.5,1
47045,38342,8
47047,38422.5,1
47049,17952.5,10
47051,41031,5
47053,49700,6
47055,29432.5,4
47057,22686.5,2
47059,68814,5
47061,13695.5,7
47063,62589,2
47065,336878.5,2
47067,6825,7
47069,27213.5,4
47071,26025.5,6
47073,56840.5,2
47075,18774.5,4
47077,27760.5,6
47079,32339.5,8
47081,24674.5,1
47083,8431,4
47085,18545,4
47087,11646,3
47089,51422,2
47091,18251,6
47093,432667,2
47095,7829,9
47097,27794,4
47099,41930,3
47101,12167,4
47103,33400,6
47105,48640.5,2
47107,52251,5
47109,26092,6
47111,22271,1
47113,98344.5,2
47115,28253,2
47117,30650.5,3
47119,81048.5,1
47121,11757.5,7
47123,44563.5,6
47125,172819,2
47127,6362.5,8
47129,21992.5,2
47131,31803,8
47133,22084.5,8
47135,7925,4
47137,5069,10
47139,16824,2
47141,72442.5,3
47143,31825.5,5
47145,54136,2
47147,66376,1
47149,263172,1
47151,22229.5,6
47153,14103.5,2
47155,89980.5,5
47157,928337,1
47159,19156.5,1
47161,13337,7
47163,156808.5,2
47165,160947.5,1
47167,61099.5,1
47169,7870,1
47171,18295.5,2
47173,19088.5,2
47175,5549,10
47177,39869,3
47179,123158.5,2
47181,17013,6
47183,35022.5,8
47185,25844,9
47187,183608.5,1
47189,114265,1
48001,58455,8
48003,14809.5,5
48005,86862,8
48007,23154.5,2
48009,9057,2
48011,1901.5,2
48013,44957,1
48015,28430,1
48017,7172.5,9
48019,20504,1
48021,74287,1
48023,3725.5,6
48025,31874,5
48027,311617.5,2
48029,NA,1
48031,10512,4
48033,644,7
48035,18240.5,4
48037,92644,2
48039,313830,1
48041,195272,2
48043,9266,11
48045,1634,12
48047,7212,9
48049,38125.5,8
48051,17198,2
48053,42802,4
48055,38103.5,1
48057,21370.5,5
48059,13542,2
48061,407137,2
48063,12412.5,6
48065,6173.5,2
48067,30475.5,6
48069,8086,6
48071,35203.5,1
48073,50884,5
48075,7050.5,11
48077,10740,2
48079,3132,10
48081,3322,7
48083,8893.5,6
48085,785374,1
48087,3059.5,10
48089,20886,4
48091,108927,1
48093,13977.5,9
48095,4082,6
48097,38444.5,3
48099,75516.5,2
48101,1505,12
48103,4379,6
48105,3715,11
48107,6059,2
48109,2400.5,12
48111,6720.5,11
48113,NA,1
48115,13850,8
48117,19409.5,5
48119,5242,4
48121,664833.5,1
48123,20101.5,6
48125,2448.5,7
48127,10018,6
48129,3679,7
48131,11760.5,9
48133,18592.5,6
48135,137137.5,2
48137,1997.5,12
48139,150036,1
48141,802492.5,2
48143,37919,3
48145,17872.5,2
48147,33910,4
48149,24542.5,4
48151,3964,7
48153,6434.5,6
48155,1338.5,10
48157,587862.5,1
48159,10609.5,9
48161,19823.5,9
48163,17220.5,4
48165,17560,9
48167,291958,1
48169,6455,6
48171,24868,8
48173,1227,5
48175,7216.5,2
48177,19836.5,4
48179,22495.5,5
48181,121011,2
48183,121792,2
48185,26631.5,4
48187,131982,1
48189,36325,5
48191,3354,12
48193,8509,6
48195,5619,9
48197,4145.5,9
48199,54691.5,2
48201,NA,1
48203,65698.5,5
48205,6064,11
48207,5894.5,6
48209,157709.5,1
48211,3802,11
48213,78589.5,3
48215,777428,2
48217,35112.5,4
48219,22899.5,5
48221,51244,1
48223,35195.5,3
48225,23727.5,9
48227,35007.5,5
48229,3481.5,2
48231,86241,1
48233,22136,5
48235,1602.5,2
48237,9036,4
48239,14076,6
48241,35759.5,6
48243,2344,12
48245,252331.5,2
48247,5303,6
48249,40878.5,5
48251,151072.5,1
48253,20208.5,2
48255,14832.5,4
48257,103638.5,1
48259,33555,1
48261,417.5,8
48263,808.5,10
48265,49641.5,3
48267,4603,9
48269,287.5,12
48271,3598,10
48273,32083.5,5
48275,3725.5,12
48277,49817.5,8
48279,14001,6
48281,19699,2
48283,6892.5,6
48285,19259.5,6
48287,16611,4
48289,16790.5,7
48291,75755.5,1
48293,23406,6
48295,3294,12
48297,11545.5,7
48299,19308.5,11
48301,82.5,12
48303,279534,2
48305,5908.5,2
48307,8264.5,9
48309,235467,2
48311,709.5,12
48313,13694.5,6
48315,10520,7
48317,4812,2
48319,4017,10
48321,36726.5,3
48323,54389.5,8
48325,46060.5,1
48327,2242.5,12
48329,136923.5,2
48331,24735.5,4
48333,4945.5,10
48335,9405,9
48337,19706.5,4
48339,457382,1
48341,21947,8
48343,12926,6
48345,1212.5,12
48347,64617,8
48349,47773.5,3
48351,14434,2
48353,15227,5
48355,340351.5,2
48357,10217,11
48359,2053,2
48361,81883.5,2
48363,28111.5,3
48365,23810,6
48367,117105,1
48369,10287.5,9
48371,15521,11
48373,45404,4
48375,121259.5,2
48377,7853,11
48379,10911,4
48381,120966.5,2
48383,3359.5,6
48385,3309.5,10
48387,12865,6
48389,13790.5,8
48391,7376,6
48393,929,10
48395,16612.5,2
48397,78670,1
48399,10515.5,6
48401,53361.5,2
48403,10843.5,7
48405,8846,10
48407,26417.5,4
48409,64695,2
48411,6142.5,9
48413,3477,7
48415,16935,8
48417,3375,7
48419,25451.5,9
48421,3034,10
48423,210113,2
48425,8496.5,1
48427,61094,5
48429,9623,11
48431,1140.5,7
48433,1498,12
48435,4104,11
48437,7878.5,6
48439,NA,1
48441,131701,2
48443,993.5,12
48445,12663.5,6
48447,1639,12
48449,32412,8
48451,110451.5,2
48453,NA,1
48455,14594.5,8
48457,21753.5,6
48459,39332,2
48461,3357,7
48463,26441,3
48465,48949,8
48467,52608,4
48469,86835.5,2
48471,68023,3
48473,43313.5,1
48475,10641.5,6
48477,33750,3
48479,250968,2
48481,41324.5,3
48483,5408.5,10
48485,131592.5,2
48487,13529.5,5
48489,22158.5,5
48491,424662,1
48493,43020,1
48495,7103,6
48497,59134,1
48499,41991.5,6
48501,7872,9
48503,18554.5,11
48505,14044,5
48507,11700.5,9
49001,6636,9
49003,50065,2
49005,113036.5,2
49007,21432.5,8
49009,1061,10
49011,307167.5,2
49013,18611.5,9
49015,10983.5,10
49017,5183,12
49019,9260.5,11
49021,46236.5,5
49023,10252,2
49025,7140.5,6
49027,12528.5,11
49029,9489,2
49031,1558.5,12
49033,2264.5,7
49035,NA,1
49037,14791,9
49039,27854,6
49041,20810,11
49043,36422.5,3
49045,58387.5,1
49047,32511,8
49049,518306.5,2
49051,23617.5,3
49053,138283,2
49055,2773,12
49057,231732,2
50001,36815.5,6
50003,37107,5
50005,31214.5,9
50007,156625,2
50009,6302,8
50011,47776,2
50013,6968,2
50015,24546.5,7
50017,28932,8
50019,27231,11
50021,61604,5
50023,59555.5,5
50025,44511.5,9
50027,56662,8
51001,33183,6
51003,99060,2
51005,16239,6
51007,12709.5,1
51009,32336,2
51011,14996,2
51013,208542,1
51015,73709,2
51017,4722.5,7
51019,68705.5,2
51021,6816,7
51023,33156.5,2
51025,17419,4
51027,24055,10
51029,17133,2
51031,54881.5,2
51033,28588,1
51035,30034.5,9
51036,7263.5,1
51037,12577,7
51041,316669,1
51043,14043,1
51045,5199,2
51047,46769.5,1
51049,10054,4
51051,15900,8
51053,27998,1
51057,11159,4
51059,NA,1
51061,65293,1
51063,15297.5,2
51065,25712,2
51067,56175,2
51069,78408,2
51071,17291,2
51073,36904,1
51075,21731,1
51077,15505.5,12
51079,18432,2
51081,12238.5,4
51083,36216.5,6
51085,99905.5,1
51087,307185,1
51089,54115,5
51091,2313.5,7
51093,35279,1
51095,67123,1
51097,6952,4
51099,23629.5,4
51101,15969,1
51103,11385.5,12
51105,25582.5,7
51107,313722.5,1
51109,33207.5,4
51111,12918,12
51113,13303.5,4
51115,8974.5,1
51117,32699,9
51119,10968,4
51121,94461.5,2
51125,15011.5,2
51127,18492.5,1
51131,12388.5,4
51133,12328,12
51135,15845,4
51137,33508,4
51139,24034.5,4
51141,18477,7
51143,63497,5
51145,28058.5,1
51147,23373.5,4
51149,35720.5,1
51153,404056,1
51155,34850.5,2
51157,7374.5,1
51159,9251,12
51161,92382.5,2
51163,22300.5,6
51165,76363.5,2
51167,28879.5,9
51169,23162,2
51171,42023,4
51173,32185.5,11
51175,18561,4
51177,122625,1
51179,129353,1
51181,7061,4
51183,12073.5,1
51185,45078,8
51187,37625.5,1
51191,54876.5,2
51193,17458.5,4
51195,41457.5,8
51197,29232.5,6
51199,65465.5,1
51510,140439,1
51515,6232.5,2
51520,17828.5,2
51530,6638.5,6
51540,43511,2
51550,222597.5,1
51570,17396,1
51580,5966,6
51590,42991.5,5
51595,5932,4
51600,22618,1
51610,12426,1
51620,8600.5,4
51630,24365.5,1
51640,7054.5,9
51650,137408.5,1
51660,48977.5,2
51670,22623,1
51678,7044,6
51680,75627,2
51683,38011,1
51685,14361.5,1
51690,13795,5
51700,180715.5,1
51710,242969,1
51720,3964.5,8
51730,32473.5,1
51735,12145.5,1
51740,95615.5,1
51750,16415.5,2
51760,204301.5,1
51770,96999.5,2
51775,24831,2
51790,23755.5,2
51800,84745.5,1
51810,438583,1
51820,21025.5,2
51830,14119,1
51840,26235.5,2
53001,18774.5,5
53003,21655.5,2
53005,175816,2
53007,72594,2
53009,71459.5,8
53011,426203.5,1
53013,4095.5,2
53015,102455.5,2
53017,38510,2
53019,7552,12
53021,78693,2
53023,2267.5,7
53025,89432,8
53027,72839.5,5
53029,78593.5,3
53031,29898,6
53033,NA,1
53035,251471,2
53037,40971.5,3
53039,20348,4
53041,75471,3
53043,10565.5,7
53045,60732.5,3
53047,41188.5,6
53049,20903,9
53051,12992,2
53053,795426.5,1
53055,15776,12
53057,117001.5,2
53059,11084,1
53061,714402.5,1
53063,471684,2
53065,43508.5,2
53067,252675.5,2
53069,3974.5,4
53071,58872,2
53073,201384,2
53075,44783.5,5
53077,243858,2
54001,16595,6
54003,104405,2
54005,24607,2
54007,14523,7
54009,24043,2
54011,96348.5,2
54013,7633.5,7
54015,9373,2
54017,8201.5,8
54019,46040.5,2
54021,8698.5,10
54023,11930.5,12
54025,35492.5,6
54027,23971,2
54029,30651,2
54031,14044,6
54033,69166,8
54035,29205.5,6
54037,53578.5,1
54039,193019.5,2
54041,16377.5,9
54043,21711,2
54045,36743,5
54047,22087.5,10
54049,56450,5
54051,33096.5,2
54053,27306.5,5
54055,62273,5
54057,28215,2
54059,26814,9
54061,96490,2
54063,13497.5,7
54065,17518,7
54067,26227,6
54069,44446,2
54071,7691,7
54073,7591.5,7
54075,8709,10
54077,33508.5,2
54079,55541.5,2
54081,78881.5,2
54083,29396,8
54085,10440.5,7
54087,14917,7
54089,13923.5,6
54091,16894.5,5
54093,7132,7
54095,9193,9
54097,24257,9
54099,42434.5,2
54101,9155,12
54103,16576.5,6
54105,5718,2
54107,86973,2
54109,23770.5,7
55001,20859,6
55003,16169,11
55005,45860,6
55007,15009,6
55009,248256.5,2
55011,13581,6
55013,15437,4
55015,49005.5,2
55017,62465,2
55019,34691.5,6
55021,56868.5,2
55023,16637,9
55025,488691,2
55027,88753.5,3
55029,27757.5,6
55031,44171.5,2
55033,43877.5,3
55035,98832,2
55037,4410,8
55039,101649,2
55041,9290.5,12
55043,51220.5,5
55045,36855.5,2
55047,19044,6
55049,23698.5,2
55051,5908,12
55053,20452,6
55055,83689.5,3
55057,26663.5,9
55059,166548.5,1
55061,20573,2
55063,114756,2
55065,16818.5,7
55067,19957,6
55069,28731.5,5
55071,81395.5,5
55073,134083.5,2
55075,41726,5
55077,15393.5,7
55078,4242,5
55079,948339.5,1
55081,44704.5,6
55083,37656,2
55085,35958.5,9
55087,176803.5,2
55089,86380,1
55091,7465,4
55093,41072,1
55095,44180.5,4
55097,70036,5
55099,14135,12
55101,195459,2
55103,18001,6
55105,160320.5,2
55107,14735,6
55109,84393.5,1
55111,62000.5,5
55113,16562.5,12
55115,41953.5,5
55117,115489.5,2
55119,20666,6
55121,28835,6
55123,29774,6
55125,21413,12
55127,102216.5,3
55129,15913.5,11
55131,131929,1
55133,389927.5,1
55135,52389.5,6
55137,24481.5,6
55139,167026.5,2
55141,74771,5
56001,36368.5,5
56003,11689,12
56005,46192.5,8
56007,15869,9
56009,13828,6
56011,7097.5,10
56013,40183,8
56015,13285.5,9
56017,4807.5,9
56019,8568,9
56021,91932.5,2
56023,18093,9
56025,75478.5,2
56027,2483,12
56029,28238,11
56031,8670,11
56033,29134,8
56035,10247,10
56037,43713.5,8
56039,21298,8
56041,21127.5,8
56043,8544.5,11
56045,7195,9
