"FIPS","pop_mean_2010"
1001,54601.5
1003,182730
1005,27434
1007,22891
1009,57330
1011,10902
1013,20949
1015,118541
1017,34186
1019,25990
1021,43662.5
1023,13839.5
1025,25798
1027,13914.5
1029,14980
1031,50026
1033,54430.5
1035,13215
1037,11547.5
1039,37770.5
1041,13881.5
1043,80432.5
1045,50304.5
1047,43805
1049,71130
1051,79426
1053,38305.5
1055,104446
1057,17230
1059,31716.5
1061,26802.5
1063,9016
1065,15734
1067,17304.5
1069,101717.5
1071,53177.5
1073,658510.5
1075,14536
1077,92694
1079,34340.5
1081,140513.5
1083,82987.5
1085,11279
1087,21496
1089,335399.5
1091,21001
1093,30773
1095,93127
1097,413134.5
1099,23031
1101,229603.5
1103,119558
1105,10573.5
1107,19725.5
1109,32928
1111,22914.5
1113,53067.5
1115,83677
1117,195456.5
1119,13753.5
1121,82200.5
1123,41566
1125,194846
1127,66985
1129,17589
1131,11642.5
1133,24439.5
2013,3148
2016,5559.5
2020,292526.5
2050,17051.5
2060,999
2068,1830.5
2070,4862
2090,97947.5
2100,2510
2105,2150.5
2110,31345.5
2122,55505
2130,13503
2150,13612.5
2164,1632
2170,89366
2180,9522
2185,9455
2188,7533
2195,3821.5
2198,5575.5
2220,8886.5
2230,966.5
2240,7041.5
2261,9658
2270,7461.5
2275,2372
2282,661
2290,5605
4001,71597
4003,131567.5
4005,134536
4007,53583
4009,37165
4011,8395
4012,20473.5
4013,NA
4015,200183.5
4017,107500
4019,981208.5
4021,379806
4023,47441
4025,211047
4027,196130
5001,18998.5
5003,21842.5
5005,41508
5007,222116.5
5009,36910.5
5011,11502
5013,5355
5015,27504
5017,11791
5019,22987
5021,16080
5023,25980.5
5025,8692
5027,24531.5
5029,21269.5
5031,96607
5033,61987
5035,50919.5
5037,17860.5
5039,8101
5041,12993.5
5043,18512
5045,113608.5
5047,18120.5
5049,12237
5051,96084.5
5053,17871
5055,42141
5057,22614.5
5059,32933
5061,13804.5
5063,36692.5
5065,13689.5
5067,17985.5
5069,77396.5
5071,25562.5
5073,7641
5075,17419.5
5077,10418
5079,14119
5081,13157
5083,22339
5085,68495
5087,15726
5089,16638.5
5091,43495.5
5093,46414.5
5095,8124
5097,9479.5
5099,8986.5
5101,8332
5103,26127
5105,10443
5107,21706
5109,11288
5111,24575.5
5113,20671
5115,61810.5
5117,8705.5
5119,383190
5121,17969
5123,28216
5125,107325
5127,11255.5
5129,8191
5131,125832
5133,17100
5135,17250
5137,12398.5
5139,41596.5
5141,17280
5143,203594
5145,77213
5147,7254.5
5149,22195.5
6001,NA
6003,1169
6005,38066.5
6007,220036
6009,45534
6011,21446.5
6013,NA
6015,28621
6017,181126
6019,931849
6021,28125.5
6023,134708.5
6025,174881
6027,18529.5
6029,840919
6031,153078
6033,64718
6035,34850
6037,NA
6039,151136.5
6041,252662.5
6043,18247
6045,87834.5
6047,256285.5
6049,9685.5
6051,14218
6053,415869.5
6055,136671
6057,98779
6059,NA
6061,349240
6063,19978.5
6065,NA
6067,NA
6069,55415
6071,NA
6073,NA
6075,805349
6077,686525
6079,269875
6081,719306.5
6083,424303.5
6085,NA
6087,262718
6089,177257
6091,3238
6093,44914.5
6095,413824.5
6097,484499
6099,514905.5
6101,94771.5
6103,63533.5
6105,13795
6107,442933.5
6109,55275.5
6111,824512
6113,201019.5
6115,72271.5
8001,442659
8003,15472
8005,573512.5
8007,12073.5
8009,3791.5
8011,6504.5
8013,294866.5
8014,56012
8015,17809
8017,1833
8019,9100
8021,8272
8023,3526
8025,5830.5
8027,4263
8029,30918.5
8031,602286
8033,2063
8035,286234
8037,52161.5
8039,23112
8041,624595.5
8043,46830.5
8045,56264
8047,5459.5
8049,14819.5
8051,15318
8053,845
8055,6689
8057,1392
8059,535038
8061,1398.5
8063,8273
8065,7298.5
8067,51382.5
8069,300133.5
8071,15464
8073,5470
8075,22722
8077,146518
8079,711
8081,13806.5
8083,25537
8085,41229.5
8087,28176
8089,18843
8091,4445.5
8093,16234
8095,4457
8097,17155.5
8099,12548.5
8101,159270
8103,6643
8105,11996.5
8107,23478
8109,6115
8111,704.5
8113,7358
8115,2375.5
8117,28037.5
8119,23402
8121,4808.5
8123,253547.5
8125,10043
9001,917771.5
9003,894246
9005,189883.5
9007,165686.5
9009,862733
9011,274055
9013,152736
9015,118473.5
10001,162611
10003,538732.5
10005,197508
11001,603088
12001,247416.5
12003,27110.5
12005,169062
12007,28500
12009,543474.5
12011,NA
12013,14612
12015,159984
12017,141182.5
12019,191130
12021,321996
12023,67564
12027,34923
12029,16406
12031,865069.5
12033,297831
12035,95812
12037,11551.5
12039,46419
12041,16947.5
12043,12863
12045,15855
12047,14773
12049,27766
12051,39160
12053,172893
12055,98743
12057,NA
12059,19891
12061,138148
12063,49723.5
12065,14762
12067,8880.5
12069,297501
12071,619452.5
12073,275772.5
12075,40768
12077,8360
12079,19214.5
12081,323134
12083,331294
12085,146355.5
12086,NA
12087,73179.5
12089,73393.5
12091,180775
12093,40018.5
12095,NA
12097,269261
12099,NA
12101,465120
12103,916630.5
12105,602441.5
12107,74313
12109,190681
12111,278239
12113,151669
12115,379661
12117,423113
12119,93747
12121,41523
12123,22568
12125,15529.5
12127,494560
12129,30801
12131,55138
12133,24897.5
13001,18248.5
13003,8370.5
13005,11086
13007,3433
13009,45727.5
13011,18405
13013,69549
13015,100176
13017,17643.5
13019,19294.5
13021,155631
13023,13080.5
13025,18423
13027,16221
13029,30307.5
13031,70473
13033,23341.5
13035,23664.5
13037,6695.5
13039,50605
13043,11014
13045,110594
13047,63958.5
13049,12154
13051,265499.5
13053,11201.5
13055,26015.5
13057,214737.5
13059,116691
13061,3179
13063,259523.5
13065,6799
13067,689070.5
13069,42344
13071,45563
13073,124434
13075,17219.5
13077,127636
13079,12610.5
13081,23431
13083,16621
13085,22336.5
13087,27827.5
13089,692397.5
13091,21785.5
13093,14893.5
13095,94571
13097,132562.5
13099,10998
13101,4042
13103,52343
13105,20139
13107,22631
13109,11003.5
13111,23672.5
13113,106756
13115,96295.5
13117,176124.5
13119,22066
13121,923389
13123,28313.5
13125,3081
13127,79721
13129,55200
13131,25035.5
13133,16000
13135,807020
13137,43060.5
13139,179968.5
13141,9410
13143,28777
13145,32095.5
13147,25215
13149,11844
13151,204593.5
13153,140306.5
13155,9533
13157,60595.5
13159,13913
13161,15079.5
13163,16907
13165,8342.5
13167,9975.5
13169,28651.5
13171,18326
13173,10102
13175,48436.5
13177,28347.5
13179,63136
13181,7981
13183,14554
13185,109483.5
13187,29982
13189,21875.5
13191,14302
13193,14701
13195,28143.5
13197,8747.5
13199,21920.5
13201,6124
13205,23499
13207,26445.5
13209,9119.5
13211,17865
13213,39593.5
13215,190151
13217,100022
13219,32896
13221,14909
13223,142532.5
13225,27718
13227,29433.5
13229,18788
13231,17887
13233,41499
13235,12000.5
13237,21211.5
13239,2517
13241,16278
13243,7707.5
13245,200777
13247,85324.5
13249,5010
13251,14546.5
13253,8728
13255,64077
13257,26184
13259,6055.5
13261,32817.5
13263,6854.5
13265,1707.5
13267,25552.5
13269,8908.5
13271,16498.5
13273,9318
13275,44744.5
13277,40228.5
13279,27260
13281,10479.5
13283,6880.5
13285,67115.5
13287,8940
13289,8995.5
13291,21349
13293,27120
13295,68758.5
13297,83886
13299,36326
13301,5819
13303,21171.5
13305,30107
13307,2794
13309,7422
13311,27156
13313,102766.5
13315,9262.5
13317,10591.5
13319,9551.5
13321,21654.5
15001,185242.5
15003,954491
15005,90
15007,67158.5
15009,154979
16001,392948
16003,3964.5
16005,82955
16007,5978.5
16009,9285
16011,45688
16013,21351
16015,7030
16017,40896
16019,104413
16021,10999
16023,2899
16025,1113
16027,189175.5
16029,6970
16031,23020
16033,985
16035,8750.5
16037,4367
16039,27080.5
16041,12790
16043,13246.5
16045,16697
16047,15483.5
16049,16279
16051,26188
16053,22421.5
16055,138697.5
16057,37289
16059,7946.5
16061,3818.5
16063,5209.5
16065,37579.5
16067,20090.5
16069,39302
16071,4292
16073,11519
16075,22622
16077,7848
16079,12747
16081,10181.5
16083,77373.5
16085,9824.5
16087,10201.5
17001,67111.5
17003,8223.5
17005,17773
17007,54162.5
17009,6928
17011,34959.5
17013,5088.5
17015,15374
17017,13644
17019,201206.5
17021,34793
17023,16322
17025,13808.5
17027,37797.5
17029,53898.5
17031,NA
17033,19805.5
17035,11044.5
17037,105180.5
17039,16558.5
17041,19975
17043,917844
17045,18553
17047,6725
17049,34238
17051,22132.5
17053,14078
17055,39569.5
17057,37059.5
17059,5582.5
17061,13876
17063,50103.5
17065,8453
17067,19097
17069,4316
17071,7328.5
17073,50462
17075,29689
17077,60289.5
17079,9694.5
17081,38816.5
17083,22964.5
17085,22666.5
17087,12586.5
17089,515884
17091,113475.5
17093,115020
17095,52919
17097,704029
17099,113882
17101,16829
17103,35986
17105,38914
17107,30295.5
17109,32610.5
17111,308976
17113,169702
17115,110741.5
17117,47786.5
17119,269276.5
17121,39427
17123,12634.5
17125,14645.5
17127,15421.5
17129,12700
17131,16430
17133,32973.5
17135,30090
17137,35528.5
17139,14849.5
17141,53487
17143,186402.5
17145,22346.5
17147,16717
17149,16419
17151,4470.5
17153,6159
17155,6006.5
17157,33456.5
17159,16224
17161,147531.5
17163,270237.5
17165,24922.5
17167,197643.5
17169,7543.5
17171,5348.5
17173,22349
17175,5985.5
17177,47680
17179,135413.5
17181,17791.5
17183,81588
17185,11930.5
17187,17704.5
17189,14707
17191,16747
17193,14645.5
17195,58473
17197,678128.5
17199,66363
17201,295196.5
17203,38661.5
18001,34391.5
18003,355592.5
18005,76824.5
18007,8871
18009,12756.5
18011,56765.5
18013,15230
18015,20158.5
18017,38965.5
18019,110421
18021,26883
18023,33229
18025,10719.5
18027,31682
18029,50073.5
18031,25756
18033,42254
18035,117670
18037,41882
18039,197602.5
18041,24279.5
18043,74628.5
18045,17244.5
18047,23067
18049,20840
18051,33520
18053,70018
18055,33185
18057,275479.5
18059,70126
18061,39379
18063,145657.5
18065,49469
18067,82761
18069,37116.5
18071,42481.5
18073,33503.5
18075,21224.5
18077,32411
18079,28512.5
18081,139831.5
18083,38422.5
18085,77363
18087,37131
18089,495993
18091,111466
18093,46129
18095,131639
18097,904135.5
18099,47035.5
18101,10336
18103,36851.5
18105,138198
18107,38110
18109,68977.5
18111,14243.5
18113,47538.5
18115,6123.5
18117,19820
18119,21573.5
18121,17335.5
18123,19332.5
18125,12838
18127,164467.5
18129,25906.5
18131,13376.5
18133,37934.5
18135,26152
18137,28816
18139,17375
18141,266946
18143,24177.5
18145,44413.5
18147,20930
18149,23367.5
18151,34175
18153,21472
18155,10614
18157,172871.5
18159,15915.5
18161,7518
18163,179768
18165,16180
18167,107903
18169,32857
18171,8504.5
18173,59762
18175,28276
18177,68885
18179,27639
18181,24639
18183,33313.5
19001,7678.5
19003,4024
19005,14342.5
19007,12882
19009,6113
19011,26074.5
19013,131155.5
19015,26293.5
19017,24282.5
19019,20947
19021,20296
19023,14889
19025,9666
19027,20827
19029,13954
19031,18500
19033,44127.5
19035,12083.5
19037,12427.5
19039,9293
19041,16658.5
19043,18108
19045,49104.5
19047,17114
19049,66375.5
19051,8759
19053,8445
19055,17757.5
19057,40321.5
19059,16667
19061,93766.5
19063,10291
19065,20859.5
19067,16306.5
19069,10681.5
19071,7436.5
19073,9335.5
19075,12450
19077,10955
19079,15654.5
19081,11331
19083,17526.5
19085,14925
19087,20132
19089,9562.5
19091,9805.5
19093,7083.5
19095,16338
19097,19846.5
19099,36828.5
19101,16835
19103,131053.5
19105,20643.5
19107,10504.5
19109,15521.5
19111,35859.5
19113,211363.5
19115,11381
19117,8891.5
19119,11579.5
19121,15705.5
19123,22378.5
19125,33271.5
19127,40697
19129,15060
19131,10778.5
19133,9237
19135,7972
19137,10729
19139,42741.5
19141,14386
19143,6450.5
19145,15927
19147,9402
19149,24990.5
19151,7294
19153,431450
19155,93258.5
19157,18899.5
19159,5130
19161,10348
19163,165532.5
19165,12163.5
19167,33704.5
19169,89558.5
19171,17748.5
19173,6310
19175,12531
19177,7559
19179,35646
19181,46266.5
19183,21698.5
19185,6402.5
19187,37964
19189,10853.5
19191,21057.5
19193,102289.5
19195,7596
19197,13215.5
20001,13362.5
20003,8099.5
20005,16909
20007,4852.5
20009,27689.5
20011,15172.5
20013,9986
20015,65901.5
20017,2792
20019,3664.5
20021,21586
20023,2723
20025,2208
20027,8544
20029,9525.5
20031,8605.5
20033,1893
20035,36298
20037,39159.5
20039,2956.5
20041,19746.5
20043,7947.5
20045,110978
20047,3043
20049,2877
20051,28459.5
20053,6504
20055,36894.5
20057,33971
20059,26013.5
20061,34787
20063,2693
20065,2596
20067,7840.5
20069,6021.5
20071,1253
20073,6683
20075,2692
20077,6031
20079,34705
20081,4265
20083,1914
20085,13477
20087,19129
20089,3076
20091,545027.5
20093,3987.5
20095,7849
20097,2561.5
20099,21581
20101,1745
20103,76365.5
20105,3238
20107,9648
20109,2757
20111,33672
20113,29165.5
20115,12651
20117,10117
20119,4585.5
20121,32823.5
20123,6363.5
20125,35430.5
20127,5918
20129,3230.5
20131,10175.5
20133,16496
20135,3105.5
20137,5672.5
20139,16293
20141,3848
20143,6084
20145,6967.5
20147,5640
20149,21652.5
20151,9648.5
20153,2511.5
20155,64554
20157,4966
20159,10086
20161,71298
20163,5177.5
20165,3314.5
20167,6980
20169,55669.5
20171,4951.5
20173,498879
20175,22994
20177,178117.5
20179,2550.5
20181,6008
20183,3852
20185,4438.5
20187,2244
20189,5739.5
20191,24118
20193,7919
20195,3002
20197,7048
20199,1487.5
20201,5799
20203,2235.5
20205,9396
20207,3306
20209,157675
21001,18635
21003,19968
21005,21443
21007,8256
21009,42168.5
21011,11599
21013,28698.5
21015,119050.5
21017,19974.5
21019,49561
21021,28464.5
21023,8493.5
21025,13876.5
21027,20059.5
21029,74396
21031,12702
21033,12981
21035,37236
21037,90434
21039,5103
21041,10802.5
21043,27697.5
21045,15963.5
21047,74067
21049,35623.5
21051,21714
21053,10267
21055,9314
21057,6853
21059,96709
21061,12166
21063,7873.5
21065,14675
21067,296284
21069,14364.5
21071,39448.5
21073,49286.5
21075,6817
21077,8593
21079,16916
21081,24666.5
21083,37163
21085,25765.5
21087,11242
21089,36897.5
21091,8567.5
21093,106238
21095,29255
21097,18837
21099,18202.5
21101,46276
21103,15402.5
21105,4893.5
21107,46909.5
21109,13498.5
21111,741634
21113,48651
21115,23385.5
21117,159798
21119,16322
21121,31888
21123,14189
21125,58896.5
21127,15864
21129,7880.5
21131,11304.5
21133,24535
21135,13859.5
21137,24741.5
21139,9526.5
21141,26835
21143,8309
21145,65552
21147,18310
21149,9525
21151,83036.5
21153,13330
21155,19825.5
21157,31450
21159,12911.5
21161,17493.5
21163,28633
21165,6306.5
21167,21347
21169,10104
21171,10970.5
21173,26507.5
21175,13925.5
21177,31496
21179,43523
21181,7133
21183,23830
21185,60383
21187,10837
21189,4759.5
21191,14893.5
21193,28718.5
21195,64988
21197,12619
21199,63099
21201,2280.5
21203,17044
21205,23325.5
21207,17550
21209,47308
21211,42164.5
21213,17342
21215,17084.5
21217,24536.5
21219,12453.5
21221,14345
21223,8803.5
21225,15006
21227,113982
21229,11743.5
21231,20814.5
21233,13611
21235,35611.5
21237,7352
21239,24982
22001,61808.5
22003,25748
22005,107553
22007,23397.5
22009,42088
22011,35742.5
22013,14341.5
22015,117250.5
22017,255256
22019,192999
22021,10125.5
22023,6819
22025,10394
22027,17168
22029,20814
22031,26695
22033,440540
22035,7745
22037,20228.5
22039,33987
22041,20770
22043,22325
22045,73238
22047,33375.5
22049,16285.5
22051,432500.5
22053,31599.5
22055,221814.5
22057,96323
22059,14909
22061,46768
22063,128287.5
22065,12097.5
22067,27952
22069,39585.5
22071,345843.5
22073,153815
22075,23074
22077,22786.5
22079,131696
22081,9085
22083,20730.5
22085,24231
22087,36329.5
22089,52775.5
22091,11204
22093,22064
22095,45868.5
22097,83419
22099,52187
22101,54614.5
22103,234154
22105,121261
22107,5241.5
22109,111860.5
22111,22737.5
22113,58034.5
22115,52551.5
22117,47130.5
22119,41211
22121,23852.5
22123,11593
22125,15617.5
22127,15300
23001,107662.5
23003,71795
23005,281565.5
23007,30750
23009,54391
23011,122147
23013,39715
23015,34428
23017,57792.5
23019,153886
23021,17542
23023,35259.5
23025,52229.5
23027,38793.5
23029,32833.5
23031,197173.5
24001,75054
24003,538427
24005,805369
24009,88836.5
24011,33079.5
24013,167187.5
24015,101153.5
24017,146818.5
24019,32634
24021,233753.5
24023,30080
24025,245001.5
24027,287730.5
24029,20209.5
24031,973990
24033,864345.5
24035,47848.5
24037,105468.5
24039,26475.5
24041,37808
24043,147494
24045,98788
24047,51442.5
24510,620772
25001,215912.5
25003,131181.5
25005,548448.5
25007,16558
25009,743901.5
25011,71370.5
25013,463584
25015,158087
25017,NA
25019,10163.5
25021,671613
25023,495349.5
25025,722673
25027,799052.5
26001,10913
26003,9588
26005,111455.5
26007,29563.5
26009,23542.5
26011,15883
26013,8852
26015,59108.5
26017,107737
26019,17510.5
26021,156809
26023,45192.5
26025,136109
26027,52244.5
26029,25925
26031,26117.5
26033,38561
26035,30926.5
26037,75404
26039,14055.5
26041,37067
26043,26139.5
26045,107798.5
26047,32692.5
26049,425358
26051,25683.5
26053,16413.5
26055,87014.5
26057,42468.5
26059,46665.5
26061,36657
26063,33078.5
26065,280853.5
26067,63894.5
26069,25832
26071,11815
26073,70322.5
26075,160224.5
26077,250534.5
26079,17135
26081,602920.5
26083,2162.5
26085,11521.5
26087,88264.5
26089,21706.5
26091,99827.5
26093,180969.5
26095,6617.5
26097,11095
26099,841052
26101,24715.5
26103,67104
26105,28713
26107,42814.5
26109,24011.5
26111,83610.5
26113,14839.5
26115,151976.5
26117,63306
26119,9763
26121,172128
26123,48426.5
26125,NA
26127,26541.5
26129,21661
26131,6768
26133,23517
26135,8624.5
26137,24148
26139,263928
26141,13352.5
26143,24439
26145,200040
26147,162914.5
26149,61278.5
26151,43060.5
26153,8479.5
26155,70627
26157,55695
26159,76222
26161,345040.5
26163,NA
26165,32732.5
27001,16198.5
27003,331073
27005,32512
27007,44480
27009,38475
27011,5266.5
27013,64055.5
27015,25888.5
27017,35392.5
27019,91201.5
27021,28577
27023,12452
27025,53906
27027,59080.5
27029,8697
27031,5174
27033,11688
27035,62529.5
27037,398826
27039,20111
27041,35998.5
27043,14534.5
27045,20855
27047,31237
27049,46206.5
27051,6014
27053,NA
27055,19024.5
27057,20407
27059,37836.5
27061,45050.5
27063,10268
27065,16224
27067,42254.5
27069,4546.5
27071,13312.5
27073,7248.5
27075,10862
27077,4042.5
27079,27701
27081,5894
27083,25861
27085,36652.5
27087,5417
27089,9429
27091,20840
27093,23297.5
27095,26092.5
27097,33201
27099,39175.5
27101,8711.5
27103,32753.5
27105,21377
27107,6853.5
27109,144378.5
27111,57282.5
27113,13938
27115,29738.5
27117,9587
27119,31620
27121,10986.5
27123,508980
27125,4082
27127,16058.5
27129,15711.5
27131,64185
27133,9689.5
27135,15595
27137,200190.5
27139,130207.5
27141,88595
27143,15235.5
27145,150713.5
27147,36560.5
27149,9722.5
27151,9771.5
27153,24890
27155,3550
27157,21667
27159,13838
27161,19136.5
27163,238490
27165,11213
27167,6573.5
27169,51440
27171,124909
27173,10431.5
28001,32274
28003,37072.5
28005,13120.5
28007,19558
28009,8724.5
28011,34124
28013,14959.5
28015,10588.5
28017,17401
28019,8546
28021,9581.5
28023,16747.5
28025,20605.5
28027,26142.5
28029,29439.5
28031,19590
28033,161499
28035,75023.5
28037,8121.5
28039,22632
28041,14395.5
28043,21898
28045,43970.5
28047,187445
28049,245457
28051,19162.5
28053,9355.5
28055,1401
28057,23409
28059,139683
28061,17022.5
28063,7719
28065,12475.5
28067,67815.5
28069,10435.5
28071,47423.5
28073,55856
28075,80245
28077,12911
28079,23798
28081,82979
28083,32312
28085,34866
28087,59807.5
28089,95377.5
28091,27085.5
28093,37124
28095,36939
28097,10924.5
28099,29681.5
28101,21719
28103,11528
28105,47681.5
28107,34703.5
28109,55811
28111,12254
28113,40410
28115,29982.5
28117,25232.5
28119,8205.5
28121,141817.5
28123,28311
28125,4894.5
28127,27507
28129,16475.5
28131,17838
28133,29428
28135,15362
28137,28933.5
28139,22236
28141,19593.5
28143,10758
28145,27148
28147,15429.5
28149,48806.5
28151,51107.5
28153,20745
28155,10262
28157,9861.5
28159,19196
28161,12664
28163,28038.5
29001,25607
29003,17334
29005,5671.5
29007,25509.5
29009,35592.5
29011,12393.5
29013,17045.5
29015,19058
29017,12347.5
29019,162937
29021,89172.5
29023,42795
29025,9430
29027,44375.5
29029,43993.5
29031,75784.5
29033,9295.5
29035,6282
29037,99600.5
29039,13977.5
29041,7839
29043,77623.5
29045,7143.5
29047,222328.5
29049,20742.5
29051,76086
29053,17605.5
29055,24666.5
29057,7875
29059,16769.5
29061,8437
29063,12896
29065,15669
29067,13663
29069,31936.5
29071,101500
29073,15224
29075,6728.5
29077,275294
29079,10267
29081,8949
29083,22269
29085,9627.5
29087,4911
29089,10133.5
29091,40466
29093,10604.5
29095,674708.5
29097,117587
29099,218908.5
29101,52655
29103,4132
29105,35606.5
29107,33395
29109,38617.5
29111,10207
29113,52634
29115,12756.5
29117,15195.5
29119,23085
29121,15573.5
29123,12211
29125,9180.5
29127,28787
29129,3781
29131,24731
29133,14374
29135,15611.5
29137,8811
29139,12238.5
29141,20562
29143,18945
29145,58115.5
29147,23377
29149,10901.5
29151,13871.5
29153,9725.5
29155,18279.5
29157,18954
29159,42244
29161,45228.5
29163,18511.5
29165,89499.5
29167,31138
29169,52538.5
29171,4975.5
29173,10168
29175,25425.5
29177,23484
29179,6694
29181,14101.5
29183,361043.5
29185,9814
29186,18135.5
29187,65428.5
29189,998917.5
29195,23388
29197,4430
29199,4842.5
29201,39214.5
29203,8439
29205,6371.5
29207,29982.5
29209,32187
29211,6719.5
29213,51784
29215,26028
29217,21160.5
29219,32532
29221,25200
29223,13510
29225,36244.5
29227,2163
29229,18834
29510,319225
30001,9249.5
30003,12889.5
30005,6499
30007,5620.5
30009,10081.5
30011,1157
30013,81423
30015,5808
30017,11701
30019,1754.5
30021,8951
30023,9296
30025,2888.5
30027,11584
30029,90914.5
30031,89585.5
30033,1199
30035,13425
30037,884
30039,3080.5
30041,16124
30043,11415
30045,2070
30047,28756
30049,63507.5
30051,2341.5
30053,19678.5
30055,1737.5
30057,7691
30059,1889
30061,4221
30063,109396.5
30065,4549
30067,15622
30069,494.5
30071,4251
30073,6156.5
30075,1742
30077,7024.5
30079,1184
30081,40260
30083,9752.5
30085,10439
30087,9243.5
30089,11397.5
30091,3380.5
30093,34217
30095,9119
30097,3636.5
30099,6077
30101,5330.5
30103,715.5
30105,7364
30107,2167
30109,1012.5
30111,148202
31001,31376
31003,6674.5
31005,461.5
31007,690
31009,478
31011,5502.5
31013,11296.5
31015,2103
31017,3149.5
31019,46133.5
31021,6852.5
31023,8396.5
31025,25266
31027,8844.5
31029,3968.5
31031,5715
31033,9988.5
31035,6542.5
31037,10536.5
31039,9139.5
31041,10925.5
31043,21017
31045,9176
31047,24354.5
31049,1938.5
31051,6001.5
31053,36699
31055,517943.5
31057,2008
31059,5889.5
31061,3230
31063,2749.5
31065,4958.5
31067,22306
31069,2061
31071,2048
31073,2045.5
31075,612
31077,2541
31079,58710.5
31081,9128
31083,3423.5
31085,962.5
31087,2906
31089,10434.5
31091,737
31093,6273.5
31095,7532
31097,5224
31099,6490.5
31101,8367.5
31103,824
31105,3820.5
31107,8697
31109,285774
31111,36279
31113,766.5
31115,633
31117,538.5
31119,34918
31121,7848
31123,5044
31125,3732.5
31127,7253
31129,4498.5
31131,15756.5
31133,2775
31135,2972.5
31137,9193.5
31139,7266
31141,32280.5
31143,5400.5
31145,11050
31147,8356.5
31149,1521.5
31151,14209.5
31153,159274.5
31155,20819
31157,37021
31159,16778.5
31161,5460.5
31163,3152
31165,1307.5
31167,6126.5
31169,5228.5
31171,644
31173,6957.5
31175,4264
31177,20245.5
31179,9601
31181,3810.5
31183,818.5
31185,13658.5
32001,24843.5
32003,NA
32005,46976.5
32007,48872
32009,776.5
32011,1994.5
32013,16567
32015,5787
32017,5353.5
32019,52014.5
32021,4770
32023,43857.5
32027,6752
32029,4006
32031,421967.5
32033,10044
32510,55250
33001,60086.5
33003,47827
33005,77083
33007,33002.5
33009,89113
33011,400889
33013,146422.5
33015,295291.5
33017,123170.5
33019,43729
34001,274617
34003,905828.5
34005,448941.5
34007,513632
34009,97259
34011,157023.5
34013,784098.5
34015,288434.5
34017,634780
34019,128361
34021,366651
34023,810422
34025,630673
34027,492485
34029,577085
34031,501543
34033,66070.5
34035,323819
34037,149252
34039,537080
34041,108703
35001,663601.5
35003,3727.5
35005,65712
35006,27230
35007,13738
35009,48662.5
35011,2022
35013,209885.5
35015,53859.5
35017,29456.5
35019,4690
35021,693
35023,4874
35025,64712.5
35027,20498.5
35028,17990.5
35029,25114
35031,71644.5
35033,4885
35035,64040.5
35037,9059.5
35039,40292.5
35041,19948
35043,131945.5
35045,130094.5
35047,29390
35049,144388
35051,12007
35053,17858
35055,32947
35057,16379
35059,4545
35061,76664
36001,304018.5
36003,48944.5
36005,NA
36007,200436
36009,80273
36011,80002
36013,134836.5
36015,88827
36017,50441
36019,82121.5
36021,63084.5
36023,49315
36025,47906
36027,297532.5
36029,918846
36031,39336
36033,51589
36035,55528.5
36037,60080.5
36039,49190
36041,4833.5
36043,64510.5
36045,116405.5
36047,NA
36049,27079.5
36051,65363
36053,73440.5
36055,744366.5
36057,50234.5
36059,NA
36061,NA
36063,216507.5
36065,234861.5
36067,467115
36069,108023.5
36071,373084
36073,42868.5
36075,122111.5
36077,62245.5
36079,99711.5
36081,NA
36083,159428.5
36085,469046.5
36087,311935
36089,111919
36091,219783.5
36093,154808
36095,32735.5
36097,18336.5
36099,35225
36101,98960
36103,NA
36105,77523.5
36107,51087
36109,101592
36111,182464
36113,65702
36115,63252
36117,93762.5
36119,949827
36121,42142
36123,25343
37001,151329.5
37003,37218.5
37005,11159
37007,26928
37009,27286
37011,17776
37013,47789.5
37015,21266
37017,35209.5
37019,107711.5
37021,238575
37023,90841.5
37025,178299.5
37027,83013.5
37029,9991.5
37031,66577
37033,23707
37035,154373.5
37037,63663
37039,27440
37041,14776
37043,10590.5
37045,98064
37047,58046
37049,103706.5
37051,319849
37053,23595
37055,33967.5
37057,162904
37059,41280.5
37061,58616.5
37063,268020.5
37065,56545.5
37067,351002.5
37069,60733.5
37071,206149.5
37073,12202
37075,8868
37077,59989.5
37079,21373
37081,489043.5
37083,54626.5
37085,115205.5
37087,58985.5
37089,106859
37091,24656
37093,47209
37095,5808.5
37097,159604
37099,40304.5
37101,169306.5
37103,10153
37105,57908.5
37107,59467
37109,78357.5
37111,45006
37113,33930
37115,20770.5
37117,24503
37119,921527.5
37121,15562.5
37123,27812
37125,88408
37127,95889
37129,203004
37131,22069.5
37133,178621.5
37135,133999
37137,13134
37139,40697
37141,52325
37143,13474
37145,39462.5
37147,168482.5
37149,20487.5
37151,141856
37153,46649
37155,134320.5
37157,93642
37159,138437
37161,67791
37163,63485.5
37165,36128.5
37167,60590
37169,47376
37171,73683.5
37173,13984.5
37175,33092
37177,4412
37179,201749
37181,45424
37183,903981
37185,20951.5
37187,13217
37189,51060
37191,122765
37193,69313.5
37195,81296.5
37197,38415.5
37199,17806
38001,2344.5
38003,11064
38005,6672.5
38007,781
38009,6432
38011,3150.5
38013,1968
38015,81487
38017,150004
38019,3992
38021,5291
38023,2077.5
38025,3538
38027,2381.5
38029,3545
38031,3346
38033,1683
38035,66926
38037,2390
38039,2419.5
38041,2472.5
38043,2439.5
38045,4133
38047,1991.5
38049,5395.5
38051,2797.5
38053,6387.5
38055,8973.5
38057,8423
38059,27535.5
38061,7703
38063,3125
38065,1843
38067,7416.5
38069,4357.5
38071,11463.5
38073,5445.5
38075,2473.5
38077,16331.5
38079,13961
38081,3817
38083,1314.5
38085,4156
38087,726.5
38089,24260
38091,1980.5
38093,21105
38095,2247.5
38097,8111.5
38099,11100
38101,61884
38103,4205.5
38105,22475
39001,28550
39003,106268
39005,53133
39007,101463
39009,64763.5
39011,45944
39013,70359.5
39015,44851.5
39017,368380
39019,28818
39021,40061
39023,138263
39025,197483.5
39027,41985
39029,107820.5
39031,36888
39033,43751
39035,NA
39037,52963.5
39039,39022
39041,174732
39043,77074.5
39045,146253.5
39047,29036.5
39049,NA
39051,42683.5
39053,30944.5
39055,93398.5
39057,161589
39059,40060
39061,802313
39063,74754.5
39065,32061.5
39067,15857.5
39069,28200.5
39071,43571.5
39073,29377
39075,42374
39077,59606
39079,33246.5
39081,69661.5
39083,60954.5
39085,230071
39087,62415
39089,166596.5
39091,45831.5
39093,301402.5
39095,441641.5
39097,43440.5
39099,238566.5
39101,66491.5
39103,172462
39105,23757.5
39107,40803.5
39109,102483.5
39111,14616
39113,535106
39115,15039.5
39117,34810
39119,86108
39121,14641
39123,41404.5
39125,19597.5
39127,36058
39129,55750.5
39131,28700.5
39133,161402.5
39135,42227.5
39137,34481.5
39139,124326
39141,78077
39143,60913
39145,79502.5
39147,56703.5
39149,49398.5
39151,375453.5
39153,541673
39155,210124
39157,92562
39159,52345
39161,28721
39163,13425
39165,212942.5
39167,61730.5
39169,114512.5
39171,37588.5
39173,125495
39175,22605.5
40001,22709.5
40003,5644
40005,14188.5
40007,5643.5
40009,22062.5
40011,11955.5
40013,42495
40015,29632.5
40017,115889
40019,47589.5
40021,47063
40023,15215
40025,2473
40027,256325
40029,5917.5
40031,124733
40033,6197
40035,15051.5
40037,70050
40039,27493
40041,41506
40043,4810
40045,4152.5
40047,60668
40049,27564.5
40051,52456
40053,4530.5
40055,6228
40057,2932
40059,3686
40061,12762
40063,14013.5
40065,26471
40067,6458.5
40069,10970.5
40071,46511
40073,15049
40075,9441
40077,11146
40079,50452
40081,34287
40083,41943
40085,9432.5
40087,34610.5
40089,33181.5
40091,20260
40093,7516.5
40095,15863.5
40097,41271
40099,13501
40101,71050
40103,11556
40105,10524
40107,12197
40109,719905.5
40111,40107.5
40113,47444
40115,31839.5
40117,16577
40119,77399
40121,45845.5
40123,37529
40125,69525
40127,11573
40129,3649
40131,86946.5
40133,25473.5
40135,42411.5
40137,45072.5
40139,20741.5
40141,7983.5
40143,604410.5
40145,73217
40147,51010.5
40149,11624
40151,8887
40153,20025.5
41001,16115.5
41003,85577
41005,376441.5
41007,37054.5
41009,49347
41011,63034
41013,20921
41015,22350.5
41017,157813.5
41019,107652.5
41021,1871
41023,7451.5
41025,7410.5
41027,22398.5
41029,203334
41031,21695
41033,82760
41035,66362.5
41037,7883.5
41039,351849
41041,46044
41043,116791
41045,31316
41047,315715.5
41049,11190
41051,736618
41053,75514
41055,1769.5
41057,25257.5
41059,75984
41061,25772
41063,7017.5
41065,25239.5
41067,530727
41069,1445.5
41071,99292
42001,101446
42003,NA
42005,68890
42007,170553
42009,49735.5
42011,411646
42013,127060
42015,62636.5
42017,625360.5
42019,183960.5
42021,143588.5
42023,5082.5
42025,65234.5
42027,154058.5
42029,499341.5
42031,39949
42033,81602
42035,39234
42037,67281.5
42039,88711
42041,235633.5
42043,268160
42045,559127.5
42047,31898
42049,280626
42051,136526
42053,7700.5
42055,149726
42057,14848.5
42059,38663
42061,45913.5
42063,88863.5
42065,45215.5
42067,24629
42069,214402
42071,519800.5
42073,91038
42075,133628
42077,349801.5
42079,320856.5
42081,116127
42083,43403
42085,116598
42087,46674
42089,169869
42091,800463
42093,18276.5
42095,297918
42097,94447
42099,45982
42101,NA
42103,57349
42105,17460.5
42107,148258.5
42109,39715.5
42111,77684
42113,6419.5
42115,43316.5
42117,41994.5
42119,44955.5
42121,54954.5
42123,41791
42125,207847.5
42127,52858.5
42129,365090.5
42131,28271
42133,435231
44001,49864
44003,166130.5
44005,82870
44007,626868.5
44009,126993.5
45001,25376
45003,160332
45005,10385
45007,187197.5
45009,15968
45011,22625.5
45013,162611
45015,178313
45017,15150.5
45019,350845.5
45021,55369.5
45023,33118
45025,46699.5
45027,34957.5
45029,38903
45031,68649
45033,32091
45035,137015.5
45037,26975.5
45039,23923
45041,136986.5
45043,60126
45045,452042
45047,69682
45049,21069.5
45051,269860.5
45053,24858
45055,61774
45057,76770.5
45059,66518.5
45061,19205.5
45063,262898.5
45065,10230.5
45067,33031.5
45069,28903
45071,37541.5
45073,74316
45075,92423.5
45077,119220.5
45079,385124.5
45081,19900.5
45083,284510
45085,107513
45087,28914
45089,34390.5
45091,226522
46003,2711.5
46005,17403
46007,3435
46009,7073.5
46011,31984
46013,36579
46015,5265
46017,1923.5
46019,10124
46021,1466
46023,9136.5
46025,3688.5
46027,13862.5
46029,27229
46031,4062
46033,8233
46035,19518.5
46037,5717
46039,4358
46041,5318.5
46043,2998
46045,4075
46047,7102
46049,2364
46051,7348
46053,4269.5
46055,1930.5
46057,5911.5
46059,3434.5
46061,3330.5
46063,1252
46065,17048
46067,7343
46069,1418.5
46071,3035
46073,2078
46075,1009
46077,5150
46079,11230
46081,24145
46083,45009
46085,3762.5
46087,5623
46089,2456.5
46091,4657.5
46093,25444
46095,2049.5
46097,2385.5
46099,169727.5
46101,6492
46103,101148
46105,2988.5
46107,2334
46109,10171
46111,2353.5
46113,13615
46115,6412
46117,2974.5
46119,1373.5
46121,9635.5
46123,5645
46125,8350
46127,14450
46129,5446
46135,22449
46137,2809
47001,75144.5
47003,45109.5
47005,16494
47007,12869.5
47009,123064.5
47011,99020.5
47013,40706
47015,13798
47017,28520
47019,57391
47021,39104
47023,17138.5
47025,32223.5
47027,7866
47029,35639
47031,52788
47033,14586
47035,56091.5
47037,627407
47039,11749.5
47041,18725
47043,49699.5
47045,38342
47047,38422.5
47049,17952.5
47051,41031
47053,49700
47055,29432.5
47057,22686.5
47059,68814
47061,13695.5
47063,62589
47065,336878.5
47067,6825
47069,27213.5
47071,26025.5
47073,56840.5
47075,18774.5
47077,27760.5
47079,32339.5
47081,24674.5
47083,8431
47085,18545
47087,11646
47089,51422
47091,18251
47093,432667
47095,7829
47097,27794
47099,41930
47101,12167
47103,33400
47105,48640.5
47107,52251
47109,26092
47111,22271
47113,98344.5
47115,28253
47117,30650.5
47119,81048.5
47121,11757.5
47123,44563.5
47125,172819
47127,6362.5
47129,21992.5
47131,31803
47133,22084.5
47135,7925
47137,5069
47139,16824
47141,72442.5
47143,31825.5
47145,54136
47147,66376
47149,263172
47151,22229.5
47153,14103.5
47155,89980.5
47157,928337
47159,19156.5
47161,13337
47163,156808.5
47165,160947.5
47167,61099.5
47169,7870
47171,18295.5
47173,19088.5
47175,5549
47177,39869
47179,123158.5
47181,17013
47183,35022.5
47185,25844
47187,183608.5
47189,114265
48001,58455
48003,14809.5
48005,86862
48007,23154.5
48009,9057
48011,1901.5
48013,44957
48015,28430
48017,7172.5
48019,20504
48021,74287
48023,3725.5
48025,31874
48027,311617.5
48029,NA
48031,10512
48033,644
48035,18240.5
48037,92644
48039,313830
48041,195272
48043,9266
48045,1634
48047,7212
48049,38125.5
48051,17198
48053,42802
48055,38103.5
48057,21370.5
48059,13542
48061,407137
48063,12412.5
48065,6173.5
48067,30475.5
48069,8086
48071,35203.5
48073,50884
48075,7050.5
48077,10740
48079,3132
48081,3322
48083,8893.5
48085,785374
48087,3059.5
48089,20886
48091,108927
48093,13977.5
48095,4082
48097,38444.5
48099,75516.5
48101,1505
48103,4379
48105,3715
48107,6059
48109,2400.5
48111,6720.5
48113,NA
48115,13850
48117,19409.5
48119,5242
48121,664833.5
48123,20101.5
48125,2448.5
48127,10018
48129,3679
48131,11760.5
48133,18592.5
48135,137137.5
48137,1997.5
48139,150036
48141,802492.5
48143,37919
48145,17872.5
48147,33910
48149,24542.5
48151,3964
48153,6434.5
48155,1338.5
48157,587862.5
48159,10609.5
48161,19823.5
48163,17220.5
48165,17560
48167,291958
48169,6455
48171,24868
48173,1227
48175,7216.5
48177,19836.5
48179,22495.5
48181,121011
48183,121792
48185,26631.5
48187,131982
48189,36325
48191,3354
48193,8509
48195,5619
48197,4145.5
48199,54691.5
48201,NA
48203,65698.5
48205,6064
48207,5894.5
48209,157709.5
48211,3802
48213,78589.5
48215,777428
48217,35112.5
48219,22899.5
48221,51244
48223,35195.5
48225,23727.5
48227,35007.5
48229,3481.5
48231,86241
48233,22136
48235,1602.5
48237,9036
48239,14076
48241,35759.5
48243,2344
48245,252331.5
48247,5303
48249,40878.5
48251,151072.5
48253,20208.5
48255,14832.5
48257,103638.5
48259,33555
48261,417.5
48263,808.5
48265,49641.5
48267,4603
48269,287.5
48271,3598
48273,32083.5
48275,3725.5
48277,49817.5
48279,14001
48281,19699
48283,6892.5
48285,19259.5
48287,16611
48289,16790.5
48291,75755.5
48293,23406
48295,3294
48297,11545.5
48299,19308.5
48301,82.5
48303,279534
48305,5908.5
48307,8264.5
48309,235467
48311,709.5
48313,13694.5
48315,10520
48317,4812
48319,4017
48321,36726.5
48323,54389.5
48325,46060.5
48327,2242.5
48329,136923.5
48331,24735.5
48333,4945.5
48335,9405
48337,19706.5
48339,457382
48341,21947
48343,12926
48345,1212.5
48347,64617
48349,47773.5
48351,14434
48353,15227
48355,340351.5
48357,10217
48359,2053
48361,81883.5
48363,28111.5
48365,23810
48367,117105
48369,10287.5
48371,15521
48373,45404
48375,121259.5
48377,7853
48379,10911
48381,120966.5
48383,3359.5
48385,3309.5
48387,12865
48389,13790.5
48391,7376
48393,929
48395,16612.5
48397,78670
48399,10515.5
48401,53361.5
48403,10843.5
48405,8846
48407,26417.5
48409,64695
48411,6142.5
48413,3477
48415,16935
48417,3375
48419,25451.5
48421,3034
48423,210113
48425,8496.5
48427,61094
48429,9623
48431,1140.5
48433,1498
48435,4104
48437,7878.5
48439,NA
48441,131701
48443,993.5
48445,12663.5
48447,1639
48449,32412
48451,110451.5
48453,NA
48455,14594.5
48457,21753.5
48459,39332
48461,3357
48463,26441
48465,48949
48467,52608
48469,86835.5
48471,68023
48473,43313.5
48475,10641.5
48477,33750
48479,250968
48481,41324.5
48483,5408.5
48485,131592.5
48487,13529.5
48489,22158.5
48491,424662
48493,43020
48495,7103
48497,59134
48499,41991.5
48501,7872
48503,18554.5
48505,14044
48507,11700.5
49001,6636
49003,50065
49005,113036.5
49007,21432.5
49009,1061
49011,307167.5
49013,18611.5
49015,10983.5
49017,5183
49019,9260.5
49021,46236.5
49023,10252
49025,7140.5
49027,12528.5
49029,9489
49031,1558.5
49033,2264.5
49035,NA
49037,14791
49039,27854
49041,20810
49043,36422.5
49045,58387.5
49047,32511
49049,518306.5
49051,23617.5
49053,138283
49055,2773
49057,231732
50001,36815.5
50003,37107
50005,31214.5
50007,156625
50009,6302
50011,47776
50013,6968
50015,24546.5
50017,28932
50019,27231
50021,61604
50023,59555.5
50025,44511.5
50027,56662
51001,33183
51003,99060
51005,16239
51007,12709.5
51009,32336
51011,14996
51013,208542
51015,73709
51017,4722.5
51019,68705.5
51021,6816
51023,33156.5
51025,17419
51027,24055
51029,17133
51031,54881.5
51033,28588
51035,30034.5
51036,7263.5
51037,12577
51041,316669
51043,14043
51045,5199
51047,46769.5
51049,10054
51051,15900
51053,27998
51057,11159
51059,NA
51061,65293
51063,15297.5
51065,25712
51067,56175
51069,78408
51071,17291
51073,36904
51075,21731
51077,15505.5
51079,18432
51081,12238.5
51083,36216.5
51085,99905.5
51087,307185
51089,54115
51091,2313.5
51093,35279
51095,67123
51097,6952
51099,23629.5
51101,15969
51103,11385.5
51105,25582.5
51107,313722.5
51109,33207.5
51111,12918
51113,13303.5
51115,8974.5
51117,32699
51119,10968
51121,94461.5
51125,15011.5
51127,18492.5
51131,12388.5
51133,12328
51135,15845
51137,33508
51139,24034.5
51141,18477
51143,63497
51145,28058.5
51147,23373.5
51149,35720.5
51153,404056
51155,34850.5
51157,7374.5
51159,9251
51161,92382.5
51163,22300.5
51165,76363.5
51167,28879.5
51169,23162
51171,42023
51173,32185.5
51175,18561
51177,122625
51179,129353
51181,7061
51183,12073.5
51185,45078
51187,37625.5
51191,54876.5
51193,17458.5
51195,41457.5
51197,29232.5
51199,65465.5
51510,140439
51515,6232.5
51520,17828.5
51530,6638.5
51540,43511
51550,222597.5
51570,17396
51580,5966
51590,42991.5
51595,5932
51600,22618
51610,12426
51620,8600.5
51630,24365.5
51640,7054.5
51650,137408.5
51660,48977.5
51670,22623
51678,7044
51680,75627
51683,38011
51685,14361.5
51690,13795
51700,180715.5
51710,242969
51720,3964.5
51730,32473.5
51735,12145.5
51740,95615.5
51750,16415.5
51760,204301.5
51770,96999.5
51775,24831
51790,23755.5
51800,84745.5
51810,438583
51820,21025.5
51830,14119
51840,26235.5
53001,18774.5
53003,21655.5
53005,175816
53007,72594
53009,71459.5
53011,426203.5
53013,4095.5
53015,102455.5
53017,38510
53019,7552
53021,78693
53023,2267.5
53025,89432
53027,72839.5
53029,78593.5
53031,29898
53033,NA
53035,251471
53037,40971.5
53039,20348
53041,75471
53043,10565.5
53045,60732.5
53047,41188.5
53049,20903
53051,12992
53053,795426.5
53055,15776
53057,117001.5
53059,11084
53061,714402.5
53063,471684
53065,43508.5
53067,252675.5
53069,3974.5
53071,58872
53073,201384
53075,44783.5
53077,243858
54001,16595
54003,104405
54005,24607
54007,14523
54009,24043
54011,96348.5
54013,7633.5
54015,9373
54017,8201.5
54019,46040.5
54021,8698.5
54023,11930.5
54025,35492.5
54027,23971
54029,30651
54031,14044
54033,69166
54035,29205.5
54037,53578.5
54039,193019.5
54041,16377.5
54043,21711
54045,36743
54047,22087.5
54049,56450
54051,33096.5
54053,27306.5
54055,62273
54057,28215
54059,26814
54061,96490
54063,13497.5
54065,17518
54067,26227
54069,44446
54071,7691
54073,7591.5
54075,8709
54077,33508.5
54079,55541.5
54081,78881.5
54083,29396
54085,10440.5
54087,14917
54089,13923.5
54091,16894.5
54093,7132
54095,9193
54097,24257
54099,42434.5
54101,9155
54103,16576.5
54105,5718
54107,86973
54109,23770.5
55001,20859
55003,16169
55005,45860
55007,15009
55009,248256.5
55011,13581
55013,15437
55015,49005.5
55017,62465
55019,34691.5
55021,56868.5
55023,16637
55025,488691
55027,88753.5
55029,27757.5
55031,44171.5
55033,43877.5
55035,98832
55037,4410
55039,101649
55041,9290.5
55043,51220.5
55045,36855.5
55047,19044
55049,23698.5
55051,5908
55053,20452
55055,83689.5
55057,26663.5
55059,166548.5
55061,20573
55063,114756
55065,16818.5
55067,19957
55069,28731.5
55071,81395.5
55073,134083.5
55075,41726
55077,15393.5
55078,4242
55079,948339.5
55081,44704.5
55083,37656
55085,35958.5
55087,176803.5
55089,86380
55091,7465
55093,41072
55095,44180.5
55097,70036
55099,14135
55101,195459
55103,18001
55105,160320.5
55107,14735
55109,84393.5
55111,62000.5
55113,16562.5
55115,41953.5
55117,115489.5
55119,20666
55121,28835
55123,29774
55125,21413
55127,102216.5
55129,15913.5
55131,131929
55133,389927.5
55135,52389.5
55137,24481.5
55139,167026.5
55141,74771
56001,36368.5
56003,11689
56005,46192.5
56007,15869
56009,13828
56011,7097.5
56013,40183
56015,13285.5
56017,4807.5
56019,8568
56021,91932.5
56023,18093
56025,75478.5
56027,2483
56029,28238
56031,8670
56033,29134
56035,10247
56037,43713.5
56039,21298
56041,21127.5
56043,8544.5
56045,7195
