FIPS,Min_Wage_2010
1001,7.25
1003,7.25
1005,7.25
1007,7.25
1009,7.25
1011,7.25
1013,7.25
1015,7.25
1017,7.25
1019,7.25
1021,7.25
1023,7.25
1025,7.25
1027,7.25
1029,7.25
1031,7.25
1033,7.25
1035,7.25
1037,7.25
1039,7.25
1041,7.25
1043,7.25
1045,7.25
1047,7.25
1049,7.25
1051,7.25
1053,7.25
1055,7.25
1057,7.25
1059,7.25
1061,7.25
1063,7.25
1065,7.25
1067,7.25
1069,7.25
1071,7.25
1073,7.25
1075,7.25
1077,7.25
1079,7.25
1081,7.25
1083,7.25
1085,7.25
1087,7.25
1089,7.25
1091,7.25
1093,7.25
1095,7.25
1097,7.25
1099,7.25
1101,7.25
1103,7.25
1105,7.25
1107,7.25
1109,7.25
1111,7.25
1113,7.25
1115,7.25
1117,7.25
1119,7.25
1121,7.25
1123,7.25
1125,7.25
1127,7.25
1129,7.25
1131,7.25
1133,7.25
2010,7.75
2013,7.75
2016,7.75
2020,7.75
2050,7.75
2060,7.75
2068,7.75
2070,7.75
2090,7.75
2100,7.75
2105,7.75
2110,7.75
2122,7.75
2130,7.75
2150,7.75
2164,7.75
2170,7.75
2180,7.75
2185,7.75
2188,7.75
2195,7.75
2198,7.75
2201,7.75
2220,7.75
2230,7.75
2231,7.75
2232,7.75
2240,7.75
2261,7.75
2270,7.75
2275,7.75
2280,7.75
2282,7.75
2290,7.75
2901,7.75
2903,7.75
2904,7.75
2905,7.75
2907,7.75
2908,7.75
2910,7.75
2912,7.75
2916,7.75
2919,7.75
2920,7.75
2921,7.75
2922,7.75
2923,7.75
2924,7.75
2925,7.75
2926,7.75
2928,7.75
2929,7.75
4001,7.25
4003,7.25
4005,7.25
4007,7.25
4009,7.25
4011,7.25
4012,7.25
4013,7.25
4015,7.25
4017,7.25
4019,7.25
4021,7.25
4023,7.25
4025,7.25
4027,7.25
5001,7.25
5003,7.25
5005,7.25
5007,7.25
5009,7.25
5011,7.25
5013,7.25
5015,7.25
5017,7.25
5019,7.25
5021,7.25
5023,7.25
5025,7.25
5027,7.25
5029,7.25
5031,7.25
5033,7.25
5035,7.25
5037,7.25
5039,7.25
5041,7.25
5043,7.25
5045,7.25
5047,7.25
5049,7.25
5051,7.25
5053,7.25
5055,7.25
5057,7.25
5059,7.25
5061,7.25
5063,7.25
5065,7.25
5067,7.25
5069,7.25
5071,7.25
5073,7.25
5075,7.25
5077,7.25
5079,7.25
5081,7.25
5083,7.25
5085,7.25
5087,7.25
5089,7.25
5091,7.25
5093,7.25
5095,7.25
5097,7.25
5099,7.25
5101,7.25
5103,7.25
5105,7.25
5107,7.25
5109,7.25
5111,7.25
5113,7.25
5115,7.25
5117,7.25
5119,7.25
5121,7.25
5123,7.25
5125,7.25
5127,7.25
5129,7.25
5131,7.25
5133,7.25
5135,7.25
5137,7.25
5139,7.25
5141,7.25
5143,7.25
5145,7.25
5147,7.25
5149,7.25
6001,9
6003,8
6005,8
6007,8
6009,8
6011,8
6013,8
6015,8
6017,8
6019,8
6021,8
6023,8
6025,8
6027,8
6029,8
6031,8
6033,8
6035,8
6037,8
6039,8
6041,8
6043,8
6045,8
6047,8
6049,8
6051,8
6053,8
6055,8
6057,8
6059,8
6061,8
6063,8
6065,8
6067,8
6069,8
6071,8
6073,8
6075,9.79
6077,8
6079,8
6081,8
6083,8
6085,8
6087,8
6089,8
6091,8
6093,8
6095,8
6097,8
6099,8
6101,8
6103,8
6105,8
6107,8
6109,8
6111,8
6113,8
6115,8
8001,7.24
8003,7.24
8005,7.24
8007,7.24
8009,7.24
8011,7.24
8013,7.24
8014,7.24
8015,7.24
8017,7.24
8019,7.24
8021,7.24
8023,7.24
8025,7.24
8027,7.24
8029,7.24
8031,7.24
8033,7.24
8035,7.24
8037,7.24
8039,7.24
8041,7.24
8043,7.24
8045,7.24
8047,7.24
8049,7.24
8051,7.24
8053,7.24
8055,7.24
8057,7.24
8059,7.24
8061,7.24
8063,7.24
8065,7.24
8067,7.24
8069,7.24
8071,7.24
8073,7.24
8075,7.24
8077,7.24
8079,7.24
8081,7.24
8083,7.24
8085,7.24
8087,7.24
8089,7.24
8091,7.24
8093,7.24
8095,7.24
8097,7.24
8099,7.24
8101,7.24
8103,7.24
8105,7.24
8107,7.24
8109,7.24
8111,7.24
8113,7.24
8115,7.24
8117,7.24
8119,7.24
8121,7.24
8123,7.24
8125,7.24
9001,8.25
9003,8.25
9005,8.25
9007,8.25
9009,8.25
9011,8.25
9013,8.25
9015,8.25
10001,7.25
10003,7.25
10005,7.25
11001,8.25
12001,7.25
12003,7.25
12005,7.25
12007,7.25
12009,7.25
12011,7.25
12013,7.25
12015,7.25
12017,7.25
12019,7.25
12021,7.25
12023,7.25
12025,7.25
12027,7.25
12029,7.25
12031,7.25
12033,7.25
12035,7.25
12037,7.25
12039,7.25
12041,7.25
12043,7.25
12045,7.25
12047,7.25
12049,7.25
12051,7.25
12053,7.25
12055,7.25
12057,7.25
12059,7.25
12061,7.25
12063,7.25
12065,7.25
12067,7.25
12069,7.25
12071,7.25
12073,7.25
12075,7.25
12077,7.25
12079,7.25
12081,7.25
12083,7.25
12085,7.25
12086,7.25
12087,7.25
12089,7.25
12091,7.25
12093,7.25
12095,7.25
12097,7.25
12099,7.25
12101,7.25
12103,7.25
12105,7.25
12107,7.25
12109,7.25
12111,7.25
12113,7.25
12115,7.25
12117,7.25
12119,7.25
12121,7.25
12123,7.25
12125,7.25
12127,7.25
12129,7.25
12131,7.25
12133,7.25
13001,7.25
13003,7.25
13005,7.25
13007,7.25
13009,7.25
13011,7.25
13013,7.25
13015,7.25
13017,7.25
13019,7.25
13021,7.25
13023,7.25
13025,7.25
13027,7.25
13029,7.25
13031,7.25
13033,7.25
13035,7.25
13037,7.25
13039,7.25
13043,7.25
13045,7.25
13047,7.25
13049,7.25
13051,7.25
13053,7.25
13055,7.25
13057,7.25
13059,7.25
13061,7.25
13063,7.25
13065,7.25
13067,7.25
13069,7.25
13071,7.25
13073,7.25
13075,7.25
13077,7.25
13079,7.25
13081,7.25
13083,7.25
13085,7.25
13087,7.25
13089,7.25
13091,7.25
13093,7.25
13095,7.25
13097,7.25
13099,7.25
13101,7.25
13103,7.25
13105,7.25
13107,7.25
13109,7.25
13111,7.25
13113,7.25
13115,7.25
13117,7.25
13119,7.25
13121,7.25
13123,7.25
13125,7.25
13127,7.25
13129,7.25
13131,7.25
13133,7.25
13135,7.25
13137,7.25
13139,7.25
13141,7.25
13143,7.25
13145,7.25
13147,7.25
13149,7.25
13151,7.25
13153,7.25
13155,7.25
13157,7.25
13159,7.25
13161,7.25
13163,7.25
13165,7.25
13167,7.25
13169,7.25
13171,7.25
13173,7.25
13175,7.25
13177,7.25
13179,7.25
13181,7.25
13183,7.25
13185,7.25
13187,7.25
13189,7.25
13191,7.25
13193,7.25
13195,7.25
13197,7.25
13199,7.25
13201,7.25
13205,7.25
13207,7.25
13209,7.25
13211,7.25
13213,7.25
13215,7.25
13217,7.25
13219,7.25
13221,7.25
13223,7.25
13225,7.25
13227,7.25
13229,7.25
13231,7.25
13233,7.25
13235,7.25
13237,7.25
13239,7.25
13241,7.25
13243,7.25
13245,7.25
13247,7.25
13249,7.25
13251,7.25
13253,7.25
13255,7.25
13257,7.25
13259,7.25
13261,7.25
13263,7.25
13265,7.25
13267,7.25
13269,7.25
13271,7.25
13273,7.25
13275,7.25
13277,7.25
13279,7.25
13281,7.25
13283,7.25
13285,7.25
13287,7.25
13289,7.25
13291,7.25
13293,7.25
13295,7.25
13297,7.25
13299,7.25
13301,7.25
13303,7.25
13305,7.25
13307,7.25
13309,7.25
13311,7.25
13313,7.25
13315,7.25
13317,7.25
13319,7.25
13321,7.25
15001,7.25
15003,7.25
15005,7.25
15007,7.25
15009,7.25
15901,7.25
16001,7.25
16003,7.25
16005,7.25
16007,7.25
16009,7.25
16011,7.25
16013,7.25
16015,7.25
16017,7.25
16019,7.25
16021,7.25
16023,7.25
16025,7.25
16027,7.25
16029,7.25
16031,7.25
16033,7.25
16035,7.25
16037,7.25
16039,7.25
16041,7.25
16043,7.25
16045,7.25
16047,7.25
16049,7.25
16051,7.25
16053,7.25
16055,7.25
16057,7.25
16059,7.25
16061,7.25
16063,7.25
16065,7.25
16067,7.25
16069,7.25
16071,7.25
16073,7.25
16075,7.25
16077,7.25
16079,7.25
16081,7.25
16083,7.25
16085,7.25
16087,7.25
17001,8.25
17003,8.25
17005,8.25
17007,8.25
17009,8.25
17011,8.25
17013,8.25
17015,8.25
17017,8.25
17019,8.25
17021,8.25
17023,8.25
17025,8.25
17027,8.25
17029,8.25
17031,8.25
17033,8.25
17035,8.25
17037,8.25
17039,8.25
17041,8.25
17043,8.25
17045,8.25
17047,8.25
17049,8.25
17051,8.25
17053,8.25
17055,8.25
17057,8.25
17059,8.25
17061,8.25
17063,8.25
17065,8.25
17067,8.25
17069,8.25
17071,8.25
17073,8.25
17075,8.25
17077,8.25
17079,8.25
17081,8.25
17083,8.25
17085,8.25
17087,8.25
17089,8.25
17091,8.25
17093,8.25
17095,8.25
17097,8.25
17099,8.25
17101,8.25
17103,8.25
17105,8.25
17107,8.25
17109,8.25
17111,8.25
17113,8.25
17115,8.25
17117,8.25
17119,8.25
17121,8.25
17123,8.25
17125,8.25
17127,8.25
17129,8.25
17131,8.25
17133,8.25
17135,8.25
17137,8.25
17139,8.25
17141,8.25
17143,8.25
17145,8.25
17147,8.25
17149,8.25
17151,8.25
17153,8.25
17155,8.25
17157,8.25
17159,8.25
17161,8.25
17163,8.25
17165,8.25
17167,8.25
17169,8.25
17171,8.25
17173,8.25
17175,8.25
17177,8.25
17179,8.25
17181,8.25
17183,8.25
17185,8.25
17187,8.25
17189,8.25
17191,8.25
17193,8.25
17195,8.25
17197,8.25
17199,8.25
17201,8.25
17203,8.25
18001,7.25
18003,7.25
18005,7.25
18007,7.25
18009,7.25
18011,7.25
18013,7.25
18015,7.25
18017,7.25
18019,7.25
18021,7.25
18023,7.25
18025,7.25
18027,7.25
18029,7.25
18031,7.25
18033,7.25
18035,7.25
18037,7.25
18039,7.25
18041,7.25
18043,7.25
18045,7.25
18047,7.25
18049,7.25
18051,7.25
18053,7.25
18055,7.25
18057,7.25
18059,7.25
18061,7.25
18063,7.25
18065,7.25
18067,7.25
18069,7.25
18071,7.25
18073,7.25
18075,7.25
18077,7.25
18079,7.25
18081,7.25
18083,7.25
18085,7.25
18087,7.25
18089,7.25
18091,7.25
18093,7.25
18095,7.25
18097,7.25
18099,7.25
18101,7.25
18103,7.25
18105,7.25
18107,7.25
18109,7.25
18111,7.25
18113,7.25
18115,7.25
18117,7.25
18119,7.25
18121,7.25
18123,7.25
18125,7.25
18127,7.25
18129,7.25
18131,7.25
18133,7.25
18135,7.25
18137,7.25
18139,7.25
18141,7.25
18143,7.25
18145,7.25
18147,7.25
18149,7.25
18151,7.25
18153,7.25
18155,7.25
18157,7.25
18159,7.25
18161,7.25
18163,7.25
18165,7.25
18167,7.25
18169,7.25
18171,7.25
18173,7.25
18175,7.25
18177,7.25
18179,7.25
18181,7.25
18183,7.25
19001,7.25
19003,7.25
19005,7.25
19007,7.25
19009,7.25
19011,7.25
19013,7.25
19015,7.25
19017,7.25
19019,7.25
19021,7.25
19023,7.25
19025,7.25
19027,7.25
19029,7.25
19031,7.25
19033,7.25
19035,7.25
19037,7.25
19039,7.25
19041,7.25
19043,7.25
19045,7.25
19047,7.25
19049,7.25
19051,7.25
19053,7.25
19055,7.25
19057,7.25
19059,7.25
19061,7.25
19063,7.25
19065,7.25
19067,7.25
19069,7.25
19071,7.25
19073,7.25
19075,7.25
19077,7.25
19079,7.25
19081,7.25
19083,7.25
19085,7.25
19087,7.25
19089,7.25
19091,7.25
19093,7.25
19095,7.25
19097,7.25
19099,7.25
19101,7.25
19103,7.25
19105,7.25
19107,7.25
19109,7.25
19111,7.25
19113,7.25
19115,7.25
19117,7.25
19119,7.25
19121,7.25
19123,7.25
19125,7.25
19127,7.25
19129,7.25
19131,7.25
19133,7.25
19135,7.25
19137,7.25
19139,7.25
19141,7.25
19143,7.25
19145,7.25
19147,7.25
19149,7.25
19151,7.25
19153,7.25
19155,7.25
19157,7.25
19159,7.25
19161,7.25
19163,7.25
19165,7.25
19167,7.25
19169,7.25
19171,7.25
19173,7.25
19175,7.25
19177,7.25
19179,7.25
19181,7.25
19183,7.25
19185,7.25
19187,7.25
19189,7.25
19191,7.25
19193,7.25
19195,7.25
19197,7.25
20001,7.25
20003,7.25
20005,7.25
20007,7.25
20009,7.25
20011,7.25
20013,7.25
20015,7.25
20017,7.25
20019,7.25
20021,7.25
20023,7.25
20025,7.25
20027,7.25
20029,7.25
20031,7.25
20033,7.25
20035,7.25
20037,7.25
20039,7.25
20041,7.25
20043,7.25
20045,7.25
20047,7.25
20049,7.25
20051,7.25
20053,7.25
20055,7.25
20057,7.25
20059,7.25
20061,7.25
20063,7.25
20065,7.25
20067,7.25
20069,7.25
20071,7.25
20073,7.25
20075,7.25
20077,7.25
20079,7.25
20081,7.25
20083,7.25
20085,7.25
20087,7.25
20089,7.25
20091,7.25
20093,7.25
20095,7.25
20097,7.25
20099,7.25
20101,7.25
20103,7.25
20105,7.25
20107,7.25
20109,7.25
20111,7.25
20113,7.25
20115,7.25
20117,7.25
20119,7.25
20121,7.25
20123,7.25
20125,7.25
20127,7.25
20129,7.25
20131,7.25
20133,7.25
20135,7.25
20137,7.25
20139,7.25
20141,7.25
20143,7.25
20145,7.25
20147,7.25
20149,7.25
20151,7.25
20153,7.25
20155,7.25
20157,7.25
20159,7.25
20161,7.25
20163,7.25
20165,7.25
20167,7.25
20169,7.25
20171,7.25
20173,7.25
20175,7.25
20177,7.25
20179,7.25
20181,7.25
20183,7.25
20185,7.25
20187,7.25
20189,7.25
20191,7.25
20193,7.25
20195,7.25
20197,7.25
20199,7.25
20201,7.25
20203,7.25
20205,7.25
20207,7.25
20209,7.25
21001,7.25
21003,7.25
21005,7.25
21007,7.25
21009,7.25
21011,7.25
21013,7.25
21015,7.25
21017,7.25
21019,7.25
21021,7.25
21023,7.25
21025,7.25
21027,7.25
21029,7.25
21031,7.25
21033,7.25
21035,7.25
21037,7.25
21039,7.25
21041,7.25
21043,7.25
21045,7.25
21047,7.25
21049,7.25
21051,7.25
21053,7.25
21055,7.25
21057,7.25
21059,7.25
21061,7.25
21063,7.25
21065,7.25
21067,7.25
21069,7.25
21071,7.25
21073,7.25
21075,7.25
21077,7.25
21079,7.25
21081,7.25
21083,7.25
21085,7.25
21087,7.25
21089,7.25
21091,7.25
21093,7.25
21095,7.25
21097,7.25
21099,7.25
21101,7.25
21103,7.25
21105,7.25
21107,7.25
21109,7.25
21111,7.25
21113,7.25
21115,7.25
21117,7.25
21119,7.25
21121,7.25
21123,7.25
21125,7.25
21127,7.25
21129,7.25
21131,7.25
21133,7.25
21135,7.25
21137,7.25
21139,7.25
21141,7.25
21143,7.25
21145,7.25
21147,7.25
21149,7.25
21151,7.25
21153,7.25
21155,7.25
21157,7.25
21159,7.25
21161,7.25
21163,7.25
21165,7.25
21167,7.25
21169,7.25
21171,7.25
21173,7.25
21175,7.25
21177,7.25
21179,7.25
21181,7.25
21183,7.25
21185,7.25
21187,7.25
21189,7.25
21191,7.25
21193,7.25
21195,7.25
21197,7.25
21199,7.25
21201,7.25
21203,7.25
21205,7.25
21207,7.25
21209,7.25
21211,7.25
21213,7.25
21215,7.25
21217,7.25
21219,7.25
21221,7.25
21223,7.25
21225,7.25
21227,7.25
21229,7.25
21231,7.25
21233,7.25
21235,7.25
21237,7.25
21239,7.25
22001,7.25
22003,7.25
22005,7.25
22007,7.25
22009,7.25
22011,7.25
22013,7.25
22015,7.25
22017,7.25
22019,7.25
22021,7.25
22023,7.25
22025,7.25
22027,7.25
22029,7.25
22031,7.25
22033,7.25
22035,7.25
22037,7.25
22039,7.25
22041,7.25
22043,7.25
22045,7.25
22047,7.25
22049,7.25
22051,7.25
22053,7.25
22055,7.25
22057,7.25
22059,7.25
22061,7.25
22063,7.25
22065,7.25
22067,7.25
22069,7.25
22071,7.25
22073,7.25
22075,7.25
22077,7.25
22079,7.25
22081,7.25
22083,7.25
22085,7.25
22087,7.25
22089,7.25
22091,7.25
22093,7.25
22095,7.25
22097,7.25
22099,7.25
22101,7.25
22103,7.25
22105,7.25
22107,7.25
22109,7.25
22111,7.25
22113,7.25
22115,7.25
22117,7.25
22119,7.25
22121,7.25
22123,7.25
22125,7.25
22127,7.25
23001,7.5
23003,7.5
23005,7.5
23007,7.5
23009,7.5
23011,7.5
23013,7.5
23015,7.5
23017,7.5
23019,7.5
23021,7.5
23023,7.5
23025,7.5
23027,7.5
23029,7.5
23031,7.5
24001,7.25
24003,7.25
24005,7.25
24009,7.25
24011,7.25
24013,7.25
24015,7.25
24017,7.25
24019,7.25
24021,7.25
24023,7.25
24025,7.25
24027,7.25
24029,7.25
24031,7.25
24033,7.25
24035,7.25
24037,7.25
24039,7.25
24041,7.25
24043,7.25
24045,7.25
24047,7.25
24510,7.25
25001,8
25003,8
25005,8
25007,8
25009,8
25011,8
25013,8
25015,8
25017,8
25019,8
25021,8
25023,8
25025,8
25027,8
26001,7.4
26003,7.4
26005,7.4
26007,7.4
26009,7.4
26011,7.4
26013,7.4
26015,7.4
26017,7.4
26019,7.4
26021,7.4
26023,7.4
26025,7.4
26027,7.4
26029,7.4
26031,7.4
26033,7.4
26035,7.4
26037,7.4
26039,7.4
26041,7.4
26043,7.4
26045,7.4
26047,7.4
26049,7.4
26051,7.4
26053,7.4
26055,7.4
26057,7.4
26059,7.4
26061,7.4
26063,7.4
26065,7.4
26067,7.4
26069,7.4
26071,7.4
26073,7.4
26075,7.4
26077,7.4
26079,7.4
26081,7.4
26083,7.4
26085,7.4
26087,7.4
26089,7.4
26091,7.4
26093,7.4
26095,7.4
26097,7.4
26099,7.4
26101,7.4
26103,7.4
26105,7.4
26107,7.4
26109,7.4
26111,7.4
26113,7.4
26115,7.4
26117,7.4
26119,7.4
26121,7.4
26123,7.4
26125,7.4
26127,7.4
26129,7.4
26131,7.4
26133,7.4
26135,7.4
26137,7.4
26139,7.4
26141,7.4
26143,7.4
26145,7.4
26147,7.4
26149,7.4
26151,7.4
26153,7.4
26155,7.4
26157,7.4
26159,7.4
26161,7.4
26163,7.4
26165,7.4
27001,6.15
27003,6.15
27005,6.15
27007,6.15
27009,6.15
27011,6.15
27013,6.15
27015,6.15
27017,6.15
27019,6.15
27021,6.15
27023,6.15
27025,6.15
27027,6.15
27029,6.15
27031,6.15
27033,6.15
27035,6.15
27037,6.15
27039,6.15
27041,6.15
27043,6.15
27045,6.15
27047,6.15
27049,6.15
27051,6.15
27053,6.15
27055,6.15
27057,6.15
27059,6.15
27061,6.15
27063,6.15
27065,6.15
27067,6.15
27069,6.15
27071,6.15
27073,6.15
27075,6.15
27077,6.15
27079,6.15
27081,6.15
27083,6.15
27085,6.15
27087,6.15
27089,6.15
27091,6.15
27093,6.15
27095,6.15
27097,6.15
27099,6.15
27101,6.15
27103,6.15
27105,6.15
27107,6.15
27109,6.15
27111,6.15
27113,6.15
27115,6.15
27117,6.15
27119,6.15
27121,6.15
27123,6.15
27125,6.15
27127,6.15
27129,6.15
27131,6.15
27133,6.15
27135,6.15
27137,6.15
27139,6.15
27141,6.15
27143,6.15
27145,6.15
27147,6.15
27149,6.15
27151,6.15
27153,6.15
27155,6.15
27157,6.15
27159,6.15
27161,6.15
27163,6.15
27165,6.15
27167,6.15
27169,6.15
27171,6.15
27173,6.15
28001,7.25
28003,7.25
28005,7.25
28007,7.25
28009,7.25
28011,7.25
28013,7.25
28015,7.25
28017,7.25
28019,7.25
28021,7.25
28023,7.25
28025,7.25
28027,7.25
28029,7.25
28031,7.25
28033,7.25
28035,7.25
28037,7.25
28039,7.25
28041,7.25
28043,7.25
28045,7.25
28047,7.25
28049,7.25
28051,7.25
28053,7.25
28055,7.25
28057,7.25
28059,7.25
28061,7.25
28063,7.25
28065,7.25
28067,7.25
28069,7.25
28071,7.25
28073,7.25
28075,7.25
28077,7.25
28079,7.25
28081,7.25
28083,7.25
28085,7.25
28087,7.25
28089,7.25
28091,7.25
28093,7.25
28095,7.25
28097,7.25
28099,7.25
28101,7.25
28103,7.25
28105,7.25
28107,7.25
28109,7.25
28111,7.25
28113,7.25
28115,7.25
28117,7.25
28119,7.25
28121,7.25
28123,7.25
28125,7.25
28127,7.25
28129,7.25
28131,7.25
28133,7.25
28135,7.25
28137,7.25
28139,7.25
28141,7.25
28143,7.25
28145,7.25
28147,7.25
28149,7.25
28151,7.25
28153,7.25
28155,7.25
28157,7.25
28159,7.25
28161,7.25
28163,7.25
29001,7.25
29003,7.25
29005,7.25
29007,7.25
29009,7.25
29011,7.25
29013,7.25
29015,7.25
29017,7.25
29019,7.25
29021,7.25
29023,7.25
29025,7.25
29027,7.25
29029,7.25
29031,7.25
29033,7.25
29035,7.25
29037,7.25
29039,7.25
29041,7.25
29043,7.25
29045,7.25
29047,7.25
29049,7.25
29051,7.25
29053,7.25
29055,7.25
29057,7.25
29059,7.25
29061,7.25
29063,7.25
29065,7.25
29067,7.25
29069,7.25
29071,7.25
29073,7.25
29075,7.25
29077,7.25
29079,7.25
29081,7.25
29083,7.25
29085,7.25
29087,7.25
29089,7.25
29091,7.25
29093,7.25
29095,7.25
29097,7.25
29099,7.25
29101,7.25
29103,7.25
29105,7.25
29107,7.25
29109,7.25
29111,7.25
29113,7.25
29115,7.25
29117,7.25
29119,7.25
29121,7.25
29123,7.25
29125,7.25
29127,7.25
29129,7.25
29131,7.25
29133,7.25
29135,7.25
29137,7.25
29139,7.25
29141,7.25
29143,7.25
29145,7.25
29147,7.25
29149,7.25
29151,7.25
29153,7.25
29155,7.25
29157,7.25
29159,7.25
29161,7.25
29163,7.25
29165,7.25
29167,7.25
29169,7.25
29171,7.25
29173,7.25
29175,7.25
29177,7.25
29179,7.25
29181,7.25
29183,7.25
29185,7.25
29186,7.25
29187,7.25
29189,7.25
29195,7.25
29197,7.25
29199,7.25
29201,7.25
29203,7.25
29205,7.25
29207,7.25
29209,7.25
29211,7.25
29213,7.25
29215,7.25
29217,7.25
29219,7.25
29221,7.25
29223,7.25
29225,7.25
29227,7.25
29229,7.25
29510,7.25
30001,7.25
30003,7.25
30005,7.25
30007,7.25
30009,7.25
30011,7.25
30013,7.25
30015,7.25
30017,7.25
30019,7.25
30021,7.25
30023,7.25
30025,7.25
30027,7.25
30029,7.25
30031,7.25
30033,7.25
30035,7.25
30037,7.25
30039,7.25
30041,7.25
30043,7.25
30045,7.25
30047,7.25
30049,7.25
30051,7.25
30053,7.25
30055,7.25
30057,7.25
30059,7.25
30061,7.25
30063,7.25
30065,7.25
30067,7.25
30069,7.25
30071,7.25
30073,7.25
30075,7.25
30077,7.25
30079,7.25
30081,7.25
30083,7.25
30085,7.25
30087,7.25
30089,7.25
30091,7.25
30093,7.25
30095,7.25
30097,7.25
30099,7.25
30101,7.25
30103,7.25
30105,7.25
30107,7.25
30109,7.25
30111,7.25
31001,7.25
31003,7.25
31005,7.25
31007,7.25
31009,7.25
31011,7.25
31013,7.25
31015,7.25
31017,7.25
31019,7.25
31021,7.25
31023,7.25
31025,7.25
31027,7.25
31029,7.25
31031,7.25
31033,7.25
31035,7.25
31037,7.25
31039,7.25
31041,7.25
31043,7.25
31045,7.25
31047,7.25
31049,7.25
31051,7.25
31053,7.25
31055,7.25
31057,7.25
31059,7.25
31061,7.25
31063,7.25
31065,7.25
31067,7.25
31069,7.25
31071,7.25
31073,7.25
31075,7.25
31077,7.25
31079,7.25
31081,7.25
31083,7.25
31085,7.25
31087,7.25
31089,7.25
31091,7.25
31093,7.25
31095,7.25
31097,7.25
31099,7.25
31101,7.25
31103,7.25
31105,7.25
31107,7.25
31109,7.25
31111,7.25
31113,7.25
31115,7.25
31117,7.25
31119,7.25
31121,7.25
31123,7.25
31125,7.25
31127,7.25
31129,7.25
31131,7.25
31133,7.25
31135,7.25
31137,7.25
31139,7.25
31141,7.25
31143,7.25
31145,7.25
31147,7.25
31149,7.25
31151,7.25
31153,7.25
31155,7.25
31157,7.25
31159,7.25
31161,7.25
31163,7.25
31165,7.25
31167,7.25
31169,7.25
31171,7.25
31173,7.25
31175,7.25
31177,7.25
31179,7.25
31181,7.25
31183,7.25
31185,7.25
32001,8.25
32003,8.25
32005,8.25
32007,8.25
32009,8.25
32011,8.25
32013,8.25
32015,8.25
32017,8.25
32019,8.25
32021,8.25
32023,8.25
32027,8.25
32029,8.25
32031,8.25
32033,8.25
32510,8.25
33001,7.25
33003,7.25
33005,7.25
33007,7.25
33009,7.25
33011,7.25
33013,7.25
33015,7.25
33017,7.25
33019,7.25
34001,7.25
34003,7.25
34005,7.25
34007,7.25
34009,7.25
34011,7.25
34013,7.25
34015,7.25
34017,7.25
34019,7.25
34021,7.25
34023,7.25
34025,7.25
34027,7.25
34029,7.25
34031,7.25
34033,7.25
34035,7.25
34037,7.25
34039,7.25
34041,7.25
35001,7.5
35003,7.5
35005,7.5
35006,7.5
35007,7.5
35009,7.5
35011,7.5
35013,7.5
35015,7.5
35017,7.5
35019,7.5
35021,7.5
35023,7.5
35025,7.5
35027,7.5
35028,7.5
35029,7.5
35031,7.5
35033,7.5
35035,7.5
35037,7.5
35039,7.5
35041,7.5
35043,7.5
35045,7.5
35047,7.5
35049,9.85
35051,7.5
35053,7.5
35055,7.5
35057,7.5
35059,7.5
35061,7.5
36001,7.25
36003,7.25
36005,7.25
36007,7.25
36009,7.25
36011,7.25
36013,7.25
36015,7.25
36017,7.25
36019,7.25
36021,7.25
36023,7.25
36025,7.25
36027,7.25
36029,7.25
36031,7.25
36033,7.25
36035,7.25
36037,7.25
36039,7.25
36041,7.25
36043,7.25
36045,7.25
36047,7.25
36049,7.25
36051,7.25
36053,7.25
36055,7.25
36057,7.25
36059,7.25
36061,7.25
36063,7.25
36065,7.25
36067,7.25
36069,7.25
36071,7.25
36073,7.25
36075,7.25
36077,7.25
36079,7.25
36081,7.25
36083,7.25
36085,7.25
36087,7.25
36089,7.25
36091,7.25
36093,7.25
36095,7.25
36097,7.25
36099,7.25
36101,7.25
36103,7.25
36105,7.25
36107,7.25
36109,7.25
36111,7.25
36113,7.25
36115,7.25
36117,7.25
36119,7.25
36121,7.25
36123,7.25
37001,7.25
37003,7.25
37005,7.25
37007,7.25
37009,7.25
37011,7.25
37013,7.25
37015,7.25
37017,7.25
37019,7.25
37021,7.25
37023,7.25
37025,7.25
37027,7.25
37029,7.25
37031,7.25
37033,7.25
37035,7.25
37037,7.25
37039,7.25
37041,7.25
37043,7.25
37045,7.25
37047,7.25
37049,7.25
37051,7.25
37053,7.25
37055,7.25
37057,7.25
37059,7.25
37061,7.25
37063,7.25
37065,7.25
37067,7.25
37069,7.25
37071,7.25
37073,7.25
37075,7.25
37077,7.25
37079,7.25
37081,7.25
37083,7.25
37085,7.25
37087,7.25
37089,7.25
37091,7.25
37093,7.25
37095,7.25
37097,7.25
37099,7.25
37101,7.25
37103,7.25
37105,7.25
37107,7.25
37109,7.25
37111,7.25
37113,7.25
37115,7.25
37117,7.25
37119,7.25
37121,7.25
37123,7.25
37125,7.25
37127,7.25
37129,7.25
37131,7.25
37133,7.25
37135,7.25
37137,7.25
37139,7.25
37141,7.25
37143,7.25
37145,7.25
37147,7.25
37149,7.25
37151,7.25
37153,7.25
37155,7.25
37157,7.25
37159,7.25
37161,7.25
37163,7.25
37165,7.25
37167,7.25
37169,7.25
37171,7.25
37173,7.25
37175,7.25
37177,7.25
37179,7.25
37181,7.25
37183,7.25
37185,7.25
37187,7.25
37189,7.25
37191,7.25
37193,7.25
37195,7.25
37197,7.25
37199,7.25
38001,7.25
38003,7.25
38005,7.25
38007,7.25
38009,7.25
38011,7.25
38013,7.25
38015,7.25
38017,7.25
38019,7.25
38021,7.25
38023,7.25
38025,7.25
38027,7.25
38029,7.25
38031,7.25
38033,7.25
38035,7.25
38037,7.25
38039,7.25
38041,7.25
38043,7.25
38045,7.25
38047,7.25
38049,7.25
38051,7.25
38053,7.25
38055,7.25
38057,7.25
38059,7.25
38061,7.25
38063,7.25
38065,7.25
38067,7.25
38069,7.25
38071,7.25
38073,7.25
38075,7.25
38077,7.25
38079,7.25
38081,7.25
38083,7.25
38085,7.25
38087,7.25
38089,7.25
38091,7.25
38093,7.25
38095,7.25
38097,7.25
38099,7.25
38101,7.25
38103,7.25
38105,7.25
39001,7.3
39003,7.3
39005,7.3
39007,7.3
39009,7.3
39011,7.3
39013,7.3
39015,7.3
39017,7.3
39019,7.3
39021,7.3
39023,7.3
39025,7.3
39027,7.3
39029,7.3
39031,7.3
39033,7.3
39035,7.3
39037,7.3
39039,7.3
39041,7.3
39043,7.3
39045,7.3
39047,7.3
39049,7.3
39051,7.3
39053,7.3
39055,7.3
39057,7.3
39059,7.3
39061,7.3
39063,7.3
39065,7.3
39067,7.3
39069,7.3
39071,7.3
39073,7.3
39075,7.3
39077,7.3
39079,7.3
39081,7.3
39083,7.3
39085,7.3
39087,7.3
39089,7.3
39091,7.3
39093,7.3
39095,7.3
39097,7.3
39099,7.3
39101,7.3
39103,7.3
39105,7.3
39107,7.3
39109,7.3
39111,7.3
39113,7.3
39115,7.3
39117,7.3
39119,7.3
39121,7.3
39123,7.3
39125,7.3
39127,7.3
39129,7.3
39131,7.3
39133,7.3
39135,7.3
39137,7.3
39139,7.3
39141,7.3
39143,7.3
39145,7.3
39147,7.3
39149,7.3
39151,7.3
39153,7.3
39155,7.3
39157,7.3
39159,7.3
39161,7.3
39163,7.3
39165,7.3
39167,7.3
39169,7.3
39171,7.3
39173,7.3
39175,7.3
40001,7.25
40003,7.25
40005,7.25
40007,7.25
40009,7.25
40011,7.25
40013,7.25
40015,7.25
40017,7.25
40019,7.25
40021,7.25
40023,7.25
40025,7.25
40027,7.25
40029,7.25
40031,7.25
40033,7.25
40035,7.25
40037,7.25
40039,7.25
40041,7.25
40043,7.25
40045,7.25
40047,7.25
40049,7.25
40051,7.25
40053,7.25
40055,7.25
40057,7.25
40059,7.25
40061,7.25
40063,7.25
40065,7.25
40067,7.25
40069,7.25
40071,7.25
40073,7.25
40075,7.25
40077,7.25
40079,7.25
40081,7.25
40083,7.25
40085,7.25
40087,7.25
40089,7.25
40091,7.25
40093,7.25
40095,7.25
40097,7.25
40099,7.25
40101,7.25
40103,7.25
40105,7.25
40107,7.25
40109,7.25
40111,7.25
40113,7.25
40115,7.25
40117,7.25
40119,7.25
40121,7.25
40123,7.25
40125,7.25
40127,7.25
40129,7.25
40131,7.25
40133,7.25
40135,7.25
40137,7.25
40139,7.25
40141,7.25
40143,7.25
40145,7.25
40147,7.25
40149,7.25
40151,7.25
40153,7.25
41001,8.4
41003,8.4
41005,8.4
41007,8.4
41009,8.4
41011,8.4
41013,8.4
41015,8.4
41017,8.4
41019,8.4
41021,8.4
41023,8.4
41025,8.4
41027,8.4
41029,8.4
41031,8.4
41033,8.4
41035,8.4
41037,8.4
41039,8.4
41041,8.4
41043,8.4
41045,8.4
41047,8.4
41049,8.4
41051,8.4
41053,8.4
41055,8.4
41057,8.4
41059,8.4
41061,8.4
41063,8.4
41065,8.4
41067,8.4
41069,8.4
41071,8.4
42001,7.25
42003,7.25
42005,7.25
42007,7.25
42009,7.25
42011,7.25
42013,7.25
42015,7.25
42017,7.25
42019,7.25
42021,7.25
42023,7.25
42025,7.25
42027,7.25
42029,7.25
42031,7.25
42033,7.25
42035,7.25
42037,7.25
42039,7.25
42041,7.25
42043,7.25
42045,7.25
42047,7.25
42049,7.25
42051,7.25
42053,7.25
42055,7.25
42057,7.25
42059,7.25
42061,7.25
42063,7.25
42065,7.25
42067,7.25
42069,7.25
42071,7.25
42073,7.25
42075,7.25
42077,7.25
42079,7.25
42081,7.25
42083,7.25
42085,7.25
42087,7.25
42089,7.25
42091,7.25
42093,7.25
42095,7.25
42097,7.25
42099,7.25
42101,7.25
42103,7.25
42105,7.25
42107,7.25
42109,7.25
42111,7.25
42113,7.25
42115,7.25
42117,7.25
42119,7.25
42121,7.25
42123,7.25
42125,7.25
42127,7.25
42129,7.25
42131,7.25
42133,7.25
44001,7.4
44003,7.4
44005,7.4
44007,7.4
44009,7.4
45001,7.25
45003,7.25
45005,7.25
45007,7.25
45009,7.25
45011,7.25
45013,7.25
45015,7.25
45017,7.25
45019,7.25
45021,7.25
45023,7.25
45025,7.25
45027,7.25
45029,7.25
45031,7.25
45033,7.25
45035,7.25
45037,7.25
45039,7.25
45041,7.25
45043,7.25
45045,7.25
45047,7.25
45049,7.25
45051,7.25
45053,7.25
45055,7.25
45057,7.25
45059,7.25
45061,7.25
45063,7.25
45065,7.25
45067,7.25
45069,7.25
45071,7.25
45073,7.25
45075,7.25
45077,7.25
45079,7.25
45081,7.25
45083,7.25
45085,7.25
45087,7.25
45089,7.25
45091,7.25
46003,7.25
46005,7.25
46007,7.25
46009,7.25
46011,7.25
46013,7.25
46015,7.25
46017,7.25
46019,7.25
46021,7.25
46023,7.25
46025,7.25
46027,7.25
46029,7.25
46031,7.25
46033,7.25
46035,7.25
46037,7.25
46039,7.25
46041,7.25
46043,7.25
46045,7.25
46047,7.25
46049,7.25
46051,7.25
46053,7.25
46055,7.25
46057,7.25
46059,7.25
46061,7.25
46063,7.25
46065,7.25
46067,7.25
46069,7.25
46071,7.25
46073,7.25
46075,7.25
46077,7.25
46079,7.25
46081,7.25
46083,7.25
46085,7.25
46087,7.25
46089,7.25
46091,7.25
46093,7.25
46095,7.25
46097,7.25
46099,7.25
46101,7.25
46103,7.25
46105,7.25
46107,7.25
46109,7.25
46111,7.25
46113,7.25
46115,7.25
46117,7.25
46119,7.25
46121,7.25
46123,7.25
46125,7.25
46127,7.25
46129,7.25
46135,7.25
46137,7.25
47001,7.25
47003,7.25
47005,7.25
47007,7.25
47009,7.25
47011,7.25
47013,7.25
47015,7.25
47017,7.25
47019,7.25
47021,7.25
47023,7.25
47025,7.25
47027,7.25
47029,7.25
47031,7.25
47033,7.25
47035,7.25
47037,7.25
47039,7.25
47041,7.25
47043,7.25
47045,7.25
47047,7.25
47049,7.25
47051,7.25
47053,7.25
47055,7.25
47057,7.25
47059,7.25
47061,7.25
47063,7.25
47065,7.25
47067,7.25
47069,7.25
47071,7.25
47073,7.25
47075,7.25
47077,7.25
47079,7.25
47081,7.25
47083,7.25
47085,7.25
47087,7.25
47089,7.25
47091,7.25
47093,7.25
47095,7.25
47097,7.25
47099,7.25
47101,7.25
47103,7.25
47105,7.25
47107,7.25
47109,7.25
47111,7.25
47113,7.25
47115,7.25
47117,7.25
47119,7.25
47121,7.25
47123,7.25
47125,7.25
47127,7.25
47129,7.25
47131,7.25
47133,7.25
47135,7.25
47137,7.25
47139,7.25
47141,7.25
47143,7.25
47145,7.25
47147,7.25
47149,7.25
47151,7.25
47153,7.25
47155,7.25
47157,7.25
47159,7.25
47161,7.25
47163,7.25
47165,7.25
47167,7.25
47169,7.25
47171,7.25
47173,7.25
47175,7.25
47177,7.25
47179,7.25
47181,7.25
47183,7.25
47185,7.25
47187,7.25
47189,7.25
48001,7.25
48003,7.25
48005,7.25
48007,7.25
48009,7.25
48011,7.25
48013,7.25
48015,7.25
48017,7.25
48019,7.25
48021,7.25
48023,7.25
48025,7.25
48027,7.25
48029,7.25
48031,7.25
48033,7.25
48035,7.25
48037,7.25
48039,7.25
48041,7.25
48043,7.25
48045,7.25
48047,7.25
48049,7.25
48051,7.25
48053,7.25
48055,7.25
48057,7.25
48059,7.25
48061,7.25
48063,7.25
48065,7.25
48067,7.25
48069,7.25
48071,7.25
48073,7.25
48075,7.25
48077,7.25
48079,7.25
48081,7.25
48083,7.25
48085,7.25
48087,7.25
48089,7.25
48091,7.25
48093,7.25
48095,7.25
48097,7.25
48099,7.25
48101,7.25
48103,7.25
48105,7.25
48107,7.25
48109,7.25
48111,7.25
48113,7.25
48115,7.25
48117,7.25
48119,7.25
48121,7.25
48123,7.25
48125,7.25
48127,7.25
48129,7.25
48131,7.25
48133,7.25
48135,7.25
48137,7.25
48139,7.25
48141,7.25
48143,7.25
48145,7.25
48147,7.25
48149,7.25
48151,7.25
48153,7.25
48155,7.25
48157,7.25
48159,7.25
48161,7.25
48163,7.25
48165,7.25
48167,7.25
48169,7.25
48171,7.25
48173,7.25
48175,7.25
48177,7.25
48179,7.25
48181,7.25
48183,7.25
48185,7.25
48187,7.25
48189,7.25
48191,7.25
48193,7.25
48195,7.25
48197,7.25
48199,7.25
48201,7.25
48203,7.25
48205,7.25
48207,7.25
48209,7.25
48211,7.25
48213,7.25
48215,7.25
48217,7.25
48219,7.25
48221,7.25
48223,7.25
48225,7.25
48227,7.25
48229,7.25
48231,7.25
48233,7.25
48235,7.25
48237,7.25
48239,7.25
48241,7.25
48243,7.25
48245,7.25
48247,7.25
48249,7.25
48251,7.25
48253,7.25
48255,7.25
48257,7.25
48259,7.25
48261,7.25
48263,7.25
48265,7.25
48267,7.25
48269,7.25
48271,7.25
48273,7.25
48275,7.25
48277,7.25
48279,7.25
48281,7.25
48283,7.25
48285,7.25
48287,7.25
48289,7.25
48291,7.25
48293,7.25
48295,7.25
48297,7.25
48299,7.25
48301,7.25
48303,7.25
48305,7.25
48307,7.25
48309,7.25
48311,7.25
48313,7.25
48315,7.25
48317,7.25
48319,7.25
48321,7.25
48323,7.25
48325,7.25
48327,7.25
48329,7.25
48331,7.25
48333,7.25
48335,7.25
48337,7.25
48339,7.25
48341,7.25
48343,7.25
48345,7.25
48347,7.25
48349,7.25
48351,7.25
48353,7.25
48355,7.25
48357,7.25
48359,7.25
48361,7.25
48363,7.25
48365,7.25
48367,7.25
48369,7.25
48371,7.25
48373,7.25
48375,7.25
48377,7.25
48379,7.25
48381,7.25
48383,7.25
48385,7.25
48387,7.25
48389,7.25
48391,7.25
48393,7.25
48395,7.25
48397,7.25
48399,7.25
48401,7.25
48403,7.25
48405,7.25
48407,7.25
48409,7.25
48411,7.25
48413,7.25
48415,7.25
48417,7.25
48419,7.25
48421,7.25
48423,7.25
48425,7.25
48427,7.25
48429,7.25
48431,7.25
48433,7.25
48435,7.25
48437,7.25
48439,7.25
48441,7.25
48443,7.25
48445,7.25
48447,7.25
48449,7.25
48451,7.25
48453,7.25
48455,7.25
48457,7.25
48459,7.25
48461,7.25
48463,7.25
48465,7.25
48467,7.25
48469,7.25
48471,7.25
48473,7.25
48475,7.25
48477,7.25
48479,7.25
48481,7.25
48483,7.25
48485,7.25
48487,7.25
48489,7.25
48491,7.25
48493,7.25
48495,7.25
48497,7.25
48499,7.25
48501,7.25
48503,7.25
48505,7.25
48507,7.25
49001,7.25
49003,7.25
49005,7.25
49007,7.25
49009,7.25
49011,7.25
49013,7.25
49015,7.25
49017,7.25
49019,7.25
49021,7.25
49023,7.25
49025,7.25
49027,7.25
49029,7.25
49031,7.25
49033,7.25
49035,7.25
49037,7.25
49039,7.25
49041,7.25
49043,7.25
49045,7.25
49047,7.25
49049,7.25
49051,7.25
49053,7.25
49055,7.25
49057,7.25
50001,8.06
50003,8.06
50005,8.06
50007,8.06
50009,8.06
50011,8.06
50013,8.06
50015,8.06
50017,8.06
50019,8.06
50021,8.06
50023,8.06
50025,8.06
50027,8.06
51001,7.25
51003,7.25
51005,7.25
51007,7.25
51009,7.25
51011,7.25
51013,7.25
51015,7.25
51017,7.25
51019,7.25
51021,7.25
51023,7.25
51025,7.25
51027,7.25
51029,7.25
51031,7.25
51033,7.25
51035,7.25
51036,7.25
51037,7.25
51041,7.25
51043,7.25
51045,7.25
51047,7.25
51049,7.25
51051,7.25
51053,7.25
51057,7.25
51059,7.25
51061,7.25
51063,7.25
51065,7.25
51067,7.25
51069,7.25
51071,7.25
51073,7.25
51075,7.25
51077,7.25
51079,7.25
51081,7.25
51083,7.25
51085,7.25
51087,7.25
51089,7.25
51091,7.25
51093,7.25
51095,7.25
51097,7.25
51099,7.25
51101,7.25
51103,7.25
51105,7.25
51107,7.25
51109,7.25
51111,7.25
51113,7.25
51115,7.25
51117,7.25
51119,7.25
51121,7.25
51125,7.25
51127,7.25
51131,7.25
51133,7.25
51135,7.25
51137,7.25
51139,7.25
51141,7.25
51143,7.25
51145,7.25
51147,7.25
51149,7.25
51153,7.25
51155,7.25
51157,7.25
51159,7.25
51161,7.25
51163,7.25
51165,7.25
51167,7.25
51169,7.25
51171,7.25
51173,7.25
51175,7.25
51177,7.25
51179,7.25
51181,7.25
51183,7.25
51185,7.25
51187,7.25
51191,7.25
51193,7.25
51195,7.25
51197,7.25
51199,7.25
51510,7.25
51515,7.25
51520,7.25
51530,7.25
51540,7.25
51550,7.25
51560,7.25
51570,7.25
51580,7.25
51590,7.25
51595,7.25
51600,7.25
51610,7.25
51620,7.25
51630,7.25
51640,7.25
51650,7.25
51660,7.25
51670,7.25
51678,7.25
51680,7.25
51683,7.25
51685,7.25
51690,7.25
51700,7.25
51710,7.25
51720,7.25
51730,7.25
51735,7.25
51740,7.25
51750,7.25
51760,7.25
51770,7.25
51775,7.25
51780,7.25
51790,7.25
51800,7.25
51810,7.25
51820,7.25
51830,7.25
51840,7.25
51901,7.25
51903,7.25
51907,7.25
51909,7.25
51911,7.25
51913,7.25
51918,7.25
51919,7.25
51921,7.25
51923,7.25
51929,7.25
51931,7.25
51933,7.25
51939,7.25
51941,7.25
51942,7.25
51944,7.25
51945,7.25
51947,7.25
51949,7.25
51951,7.25
51953,7.25
51955,7.25
51958,7.25
53001,8.55
53003,8.55
53005,8.55
53007,8.55
53009,8.55
53011,8.55
53013,8.55
53015,8.55
53017,8.55
53019,8.55
53021,8.55
53023,8.55
53025,8.55
53027,8.55
53029,8.55
53031,8.55
53033,8.55
53035,8.55
53037,8.55
53039,8.55
53041,8.55
53043,8.55
53045,8.55
53047,8.55
53049,8.55
53051,8.55
53053,8.55
53055,8.55
53057,8.55
53059,8.55
53061,8.55
53063,8.55
53065,8.55
53067,8.55
53069,8.55
53071,8.55
53073,8.55
53075,8.55
53077,8.55
54001,7.25
54003,7.25
54005,7.25
54007,7.25
54009,7.25
54011,7.25
54013,7.25
54015,7.25
54017,7.25
54019,7.25
54021,7.25
54023,7.25
54025,7.25
54027,7.25
54029,7.25
54031,7.25
54033,7.25
54035,7.25
54037,7.25
54039,7.25
54041,7.25
54043,7.25
54045,7.25
54047,7.25
54049,7.25
54051,7.25
54053,7.25
54055,7.25
54057,7.25
54059,7.25
54061,7.25
54063,7.25
54065,7.25
54067,7.25
54069,7.25
54071,7.25
54073,7.25
54075,7.25
54077,7.25
54079,7.25
54081,7.25
54083,7.25
54085,7.25
54087,7.25
54089,7.25
54091,7.25
54093,7.25
54095,7.25
54097,7.25
54099,7.25
54101,7.25
54103,7.25
54105,7.25
54107,7.25
54109,7.25
55001,7.25
55003,7.25
55005,7.25
55007,7.25
55009,7.25
55011,7.25
55013,7.25
55015,7.25
55017,7.25
55019,7.25
55021,7.25
55023,7.25
55025,7.25
55027,7.25
55029,7.25
55031,7.25
55033,7.25
55035,7.25
55037,7.25
55039,7.25
55041,7.25
55043,7.25
55045,7.25
55047,7.25
55049,7.25
55051,7.25
55053,7.25
55055,7.25
55057,7.25
55059,7.25
55061,7.25
55063,7.25
55065,7.25
55067,7.25
55069,7.25
55071,7.25
55073,7.25
55075,7.25
55077,7.25
55078,7.25
55079,7.25
55081,7.25
55083,7.25
55085,7.25
55087,7.25
55089,7.25
55091,7.25
55093,7.25
55095,7.25
55097,7.25
55099,7.25
55101,7.25
55103,7.25
55105,7.25
55107,7.25
55109,7.25
55111,7.25
55113,7.25
55115,7.25
55117,7.25
55119,7.25
55121,7.25
55123,7.25
55125,7.25
55127,7.25
55129,7.25
55131,7.25
55133,7.25
55135,7.25
55137,7.25
55139,7.25
55141,7.25
55901,7.25
56001,7.25
56003,7.25
56005,7.25
56007,7.25
56009,7.25
56011,7.25
56013,7.25
56015,7.25
56017,7.25
56019,7.25
56021,7.25
56023,7.25
56025,7.25
56027,7.25
56029,7.25
56031,7.25
56033,7.25
56035,7.25
56037,7.25
56039,7.25
56041,7.25
56043,7.25
56045,7.25
